id,title,price,url,image_url,series,processor,graphics,memory,storage,display,wifi,battery,others
15-GB0187AX,"HP HYPERX OMEN 15-GB0187AX/R7-8745HX/16GB D5-5200/512GB G4/RTX5050 8GB/15.3"" 2K 165HZ/W11H/HOME24/2YW+ADP/BLACK (BP)",6999,https://store.pcimage.com.my/product/hp-hyperx-omen-15-gb0187axr7-8745hx16gb-d5-5200512gb-g4rtx5050-8gb153-2k-165hzw11hhome242ywadpblack-bp,https://cdn1.sgliteasset.com/pcimagee/images/product/product-7788396/cached/3i9NXp2D6a71a85deac21_1785833565_webstore_listing_image1.jpg,PC Image - HP,,RTX5050,16GB D5-5200,16GB D5-5200,,,,
FA608U-HITU066W FA608U-HITU066WP,"ASUS TUF GAMING A16 FA608U-HITU066W/FA608U-HITU066WP R7 260/16GB D5-5600/512GB G4/1-ZONE RGB/RTX5050 8GB/16"" FHD WUXGA 144Hz/W11H/2 YR GLOBAL WITH 1ST YR ADP/JAEGER GRAY (TUF BACKPACK)",6299,https://store.pcimage.com.my/product/asus-tuf-gaming-a16-fa608u-hitu066wfa608u-hitu066wp-r7-26016gb-d5-5600512gb-g41-zone-rgbrtx5050-8gb16-fhd-wuxga-144hzw11h2-yr-global-with-1st-yr-adpjaeger-gray-tuf-backpack,https://cdn1.sgliteasset.com/pcimagee/images/product/product-7745604/cached/gLCXSCVb6a63012b34cd7_1784873259_webstore_listing_image1.jpg,PC Image - Asus,R7 260,RTX5050,16GB D5-5600,16GB D5-5600,"16"" FHD",,,
FA608U-PRV028WP,"ASUS TUF GAMING A16 FA608U-PRV028WP R7-260/16GB D5-5600/512GB G4/1-ZONE RGB/RTX5070 8GB/16"" FHD 165Hz/W11H/2 YR GLOBAL WITH 2 YR ADP/JAEGER GRAY (TUF BACKPACK)",7599,https://store.pcimage.com.my/product/asus-tuf-gaming-a16-fa608u-prv028wp-r7-26016gb-d5-5600512gb-g41-zone-rgbrtx5070-8gb16-fhd-165hzw11h2-yr-global-with-2-yr-adpjaeger-gray-tuf-backpack,https://cdn1.sgliteasset.com/pcimagee/images/product/product-7745411/cached/vQjKl4XI6a62ea5bbe1b2_1784867419_webstore_listing_image1.jpg,PC Image - Asus,,RTX5070,16GB D5-5600,16GB D5-5600,"16"" FHD 165Hz",,,
G614P-HTS157WP,"ASUS ROG STRIX G16 G614P-HTS157WP R7-8745HX/16GB D5-5200/512GB G4/4-ZONE RGB/RTX5050 8GB/16"" 2.5K WQXGA 300HZ/W11H/2 YR GLOBAL WITH 2 YR ADP/ECLIPSE GRAY (ROG BACKPACK)",8099,https://store.pcimage.com.my/product/asus-rog-strix-g16-g614p-hts157wp-r7-8745hx16gb-d5-5200512gb-g44-zone-rgbrtx5050-8gb16-25k-wqxga-300hzw11h2-yr-global-with-2-yr-adpeclipse-gray-rog-backpack,https://cdn1.sgliteasset.com/pcimagee/images/product/product-7745390/cached/p3z1POhT6a62e78e5f6c2_1784866702_webstore_listing_image1.jpg,PC Image - Asus,,RTX5050,16GB D5-5200,16GB D5-5200,,,,
CYBORG 15 C13WFO-419MY,"MSI CYBORG 15 C13WFO-419MY I5-13420H/16GB 3200MHZ(8+8)/512GB SSD/RTX5060 8GB/15.6"" FHD 144HZ/W11H/2YW/PLATINUM GRAY/WHITE BACKLIT GAMING KB COPILOT KEY(ESSENTIAL BACKPACK)",5099,https://store.pcimage.com.my/product/msi-cyborg-15-c13wfo-419my-i5-13420h16gb-3200mhz88512gb-ssdrtx5060-8gb156-fhd-144hzw11h2ywplatinum-graywhite-backlit-gaming-kb-copilot-keyessential-backpack,https://cdn1.sgliteasset.com/pcimagee/images/product/product-7725433/cached/dabDwlxq6a5ecd46aced5_1784597830_webstore_listing_image1.jpg,PC Image - MSI,I5-13420H,RTX5060,16GB 3200MHZ(8+8),16GB 3200MHZ(8+8),"15.6"" FHD 144HZ",,,
CYBORG 15 C13WEO-420MY,"MSI CYBORG 15 C13WEO-420MY I7-13620H/16GB 3200MHZ(8+8)/512GB SSD/RTX5050 8GB/15.6"" FHD 144HZ/W11H/2YW/PLATINUM GRAY/WHITE BACKLIT GAMING KB COPILOT KEY(ESSENTIAL BACKPACK)",5499,https://store.pcimage.com.my/product/msi-cyborg-15-c13weo-420my-i7-13620h16gb-3200mhz88512gb-ssdrtx5050-8gb156-fhd-144hzw11h2ywplatinum-graywhite-backlit-gaming-kb-copilot-keyessential-backpack,https://cdn1.sgliteasset.com/pcimagee/images/product/product-7725429/cached/cb42C5n16a5ecbad9822d_1784597421_webstore_listing_image1.jpg,PC Image - MSI,I7-13620H,RTX5050,16GB 3200MHZ(8+8),16GB 3200MHZ(8+8),"15.6"" FHD 144HZ",,,
CROSSHAIR A16 HX E8WGK-036MY,"MSI CROSSHAIR A16 HX E8WGK-036MY R7-8840HX/16GB 5200MHZ/512GB SSD/RTX5070 8GB/16"" QHD+ 240HZ/W11H/2YW/BLACK/4-ZONE RGB GAMING KB COPILOT KEY(ESSENTIAL BACKPACK)",8499,https://store.pcimage.com.my/product/msi-crosshair-a16-hx-e8wgk-036my-r7-8840hx16gb-5200mhz512gb-ssdrtx5070-8gb16-qhd-240hzw11h2ywblack4-zone-rgb-gaming-kb-copilot-keyessential-backpack,https://cdn1.sgliteasset.com/pcimagee/images/product/product-7725424/cached/sNXPXRWR6a5ec64057285_1784596032_webstore_listing_image1.jpg,PC Image - MSI,,RTX5070,16GB 5200MHZ,16GB 5200MHZ,"16"" QHD+ 240HZ",,,
RAIDER A16 HX B8WH-026MY,"MSI RAIDER A16 HX B8WH-026MY R9-8940HX/16GB 5200MHZ/1TB SSD/RTX5070TI 12GB/16"" QHD+ 240HZ/W11H/2YW/CORE BLACK/24-ZONE RGB GAMING KB COPILOT KEY(MAX GAMING BACKPACK)",10899,https://store.pcimage.com.my/product/msi-raider-a16-hx-b8wh-026my-r9-8940hx16gb-5200mhz1tb-ssdrtx5070ti-12gb16-qhd-240hzw11h2ywcore-black24-zone-rgb-gaming-kb-copilot-keymax-gaming-backpack,https://cdn1.sgliteasset.com/pcimagee/images/product/product-7723623/cached/ZukOjYtD6a5deee6366c3_1784540902_webstore_listing_image1.jpg,PC Image - MSI,,RTX5070TI,16GB 5200MHZ,16GB 5200MHZ,"16"" QHD+ 240HZ",,,
TITAN 18 HX DRAGON EDITION DRACO EPIC A2WJ-1230MY,"MSI TITAN 18 HX DRAGON EDITION DRACO EPIC A2WJ-1230MY U9-290HX PLUS AI/96GB 6400MHZ(48+48)/4TB SSD(2+2)/RTX5090 24GB/18"" UHD+ 240HZ/W11H/2YW/DRAGON EDITION DRACO EPIC/CHERRY MECH PER-KEY RGB GAMING KB COPILOT KEY(MAX GAMING BACKPACK)",31999,https://store.pcimage.com.my/product/msi-titan-18-hx-dragon-edition-draco-epic-a2wj-1230my-u9-290hx-plus-ai96gb-6400mhz48484tb-ssd22rtx5090-24gb18-uhd-240hzw11h2ywdragon-edition-draco-epiccherry-mech-per-key-rgb-gaming-kb-copilot-keymax-gaming-backpack,https://cdn1.sgliteasset.com/pcimagee/images/product/product-7723377/cached/ClwTVzmg6a5de5a8870dc_1784538536_webstore_listing_image1.jpg,PC Image - MSI,,RTX5090,96GB 6400MHZ(48+48),96GB 6400MHZ(48+48),"18"" UHD+ 240HZ",,,
FA608U-HRV095W,"ASUS TUF GAMING A16 FA608U-HRV095W R7-260/16GB D5-5600/1TB G4/1-ZONE RGB/RTX5050 8GB/16"" FHD 165HZ/W11H/2 YR GLOBAL WITH 1 YR ADP/JAEGER GRAY",5799,https://store.pcimage.com.my/product/asus-tuf-gaming-a16-fa608u-hrv095w-r7-26016gb-d5-56001tb-g41-zone-rgbrtx5050-8gb16-fhd-165hzw11h2-yr-global-with-1-yr-adpjaeger-gray,https://cdn1.sgliteasset.com/pcimagee/images/product/product-7711819/cached/dz3dittc6a575088a0db3_1784107144_webstore_listing_image1.jpg,PC Image - Asus,,RTX5050,16GB D5-5600,16GB D5-5600,"16"" FHD 165HZ",,,
FX608J-MITU268WP,"ASUS/TUF GAMING F16 FX608J-MITU268W I7-14650HX/16GB D5-5600/512GB G4/1-ZONE RGB/RTX5060 8GB/16"" FHD 144Hz/W11H/2 YR GLOBAL WITH 2YR ADP/JAEGER GRAY",6599,https://store.pcimage.com.my/product/asustuf-gaming-f16-fx608j-mitu268w-i7-14650hx16gb-d5-5600512gb-g41-zone-rgbrtx5060-8gb16-fhd-144hzw11h2-yr-global-with-2yr-adpjaeger-gray,https://cdn1.sgliteasset.com/pcimagee/images/product/product-7711741/cached/BC2VTmYN6a574c50a3a81_1784106064_webstore_listing_image1.jpg,PC Image - Asus,I7-14650HX,RTX5060,16GB D5-5600,16GB D5-5600,"16"" FHD 144Hz",,,
FX608J-MITU268W,"ASUS TUF GAMING F16 FX608J-MITU268W I7-14650HX/16GB D5-5600)/512GB G4/1-ZONE RGB/RTX5060 8GB/16"" FHD 144Hz/W11H/2 YR GLOBAL WITH 1ST YR ADP/JAEGER GRAY",6599,https://store.pcimage.com.my/product/asus-tuf-gaming-f16-fx608j-mitu268w-i7-14650hx16gb-d5-5600512gb-g41-zone-rgbrtx5060-8gb16-fhd-144hzw11h2-yr-global-with-1st-yr-adpjaeger-gray,https://cdn1.sgliteasset.com/pcimagee/images/product/product-7711635/cached/ZIo95MyZ6a574b0687525_1784105734_webstore_listing_image1.jpg,PC Image - Asus,I7-14650HX,RTX5060,16GB D5-5600),16GB D5-5600),"16"" FHD 144Hz",,,
15-FA2743TX,"HP VICTUS GAMING 15-FA2743TX/i7-14650HX/16GB D5-5600/512GB/RTX4050 6GB/15.6"""" FHD IPS/W11H/HOME24/2YW+ADP/MICA SILVER",4599,https://store.pcimage.com.my/product/hp-victus-gaming-15-fa2743txi7-14650hx16gb-d5-5600512gbrtx4050-6gb156-fhd-ipsw11hhome242ywadpmica-silver,https://cdn1.sgliteasset.com/pcimagee/images/product/product-7686029/cached/paKvQwzI6a4df31f415d9_1783493407_webstore_listing_image1.jpg,PC Image - HP,i7-14650HX,RTX4050,16GB D5-5600,16GB D5-5600,,,,
A715-59G-54Q6,"ACER/ASPIRE 7 A715-59G-54Q6/CORE 5 210H/8GB D4-3600/512G G4/RTX3050 4GB/15.6"" 144HZ FHD IPS/W11H/HOME24+M365B/2YW",3299,https://store.pcimage.com.my/product/acer-aspire-7-a715-59g-54q6core-5-210h8gb-d4-3600512g-g4rtx3050-4gb156-144hz-fhd-ipsw11hhome24m365b2yw1styitw1zone-rgb-backlitblackbp,https://cdn1.sgliteasset.com/pcimagee/images/product/product-7648030/cached/sSqN96ud6a3f922569084_1782551077_webstore_listing_image1.jpg,PC Image - ACER,,RTX3050,8GB D4-3600,8GB D4-3600,,,,
A715-59G-527W,"ACER ASPIRE 7 A715-59G-527W/CORE 5 210H/8GB D4-3600/512G G4/RTX3050 4GB/15.6"" 144HZ FHD IPS/W11H/HOME24+M365B/2YW(1STYITW)/1ZONE RGB BACKLIT/BLACK/(BP)",3299,https://store.pcimage.com.my/product/acer-aspire-7-a715-59g-527wcore-5-210h8gb-d4-3600512g-g4rtx3050-4gb156-144hz-fhd-ipsw11hhome24m365b2yw1styitw1zone-rgb-backlitblackbp,https://cdn1.sgliteasset.com/pcimagee/images/product/product-7648011/cached/kgGeJixf6a3f8f9c44ef4_1782550428_webstore_listing_image1.jpg,PC Image - ACER,,RTX3050,8GB D4-3600,8GB D4-3600,,,,
PH18-I71-961F,"ACER PREDATOR HELIOS 18 AI PH18-I71-961F/CORE ULTRA 9 290HX PLUS/48GB D5-5600/1TB G4/RTX5090 24GB/18"" WQUXGA 4K 120HZ/W11H/HOME24+M365B/2YW(1STYITW+AD&T)/PER KEY RGB/BLACK/(BP)",19999,https://store.pcimage.com.my/product/acer-predator-helios-18-ai-ph18-i71-961fcore-ultra-9-290hx-plus48gb-d5-56001tb-g4rtx5090-24gb18-wquxga-4k-120hzw11hhome24m365b2yw1styitwadtper-key-rgbblackbp,https://cdn1.sgliteasset.com/pcimagee/images/product/product-7647567/cached/hkOcTXXa6a3f8224ac461_1782546980_webstore_listing_image1.jpg,PC Image - ACER,I71-961F,RTX5090,48GB D5-5600,48GB D5-5600,,,,
PH18-I71-92V8,"ACER PREDATOR HELIOS 18 AI PH18-I71-92V8/CORE ULTRA 9 290HX PLUS/32GB D5-5600/1TB G4/RTX5080 16GB/18"" WQUXGA 4K 120HZ/W11H/HOME24+M365B/2YW(1STYITW+AD&T)/PER KEY RGB/BLACK/(BP)",17999,https://store.pcimage.com.my/product/acer-predator-helios-18-ai-ph18-i71-92v8core-ultra-9-290hx-plus32gb-d5-56001tb-g4rtx5080-16gb18-wquxga-4k-120hzw11hhome24m365b2yw1styitwadtper-key-rgbblackbp,https://cdn1.sgliteasset.com/pcimagee/images/product/product-7647430/cached/MeMc116f6a3f779bb19e4_1782544283_webstore_listing_image1.jpg,PC Image - ACER,I71-92V8,RTX5080,32GB D5-5600,32GB D5-5600,,,,
G815L-MTT9068W G815L-MTT9068WP,"ROG Strix G18 ( U9-290HX/32GB/1TB/RTX5060 8GB/18"" 2.5K 300HZ/W11 )G815L-MTT9068W G815L-MTT9068WP",14999,https://store.pcimage.com.my/product/rog-strix-g18--u9-290hx32gb1tbrtx5060-8gb18-25k-300hzw11-g815l-mtt9068w-g815l-mtt9068wp,https://cdn1.sgliteasset.com/pcimagee/images/product/product-7647174/cached/zaWNrMKN6a3f6865c3812_1782540389_webstore_listing_image1.jpg,PC Image - Asus,,RTX5060,32GB,32GB,,,,
G615L-PTS6108WP,"ROG Strix G16 ( U9-290HX/ 32GB/1TB/RTX5070 8GB/16"" 2.5K 300HZ/W11 ) G615L-PTS6108WP",15999,https://store.pcimage.com.my/product/rog-strix-g16--u9-290hx-32gb1tbrtx5070-8gb16-25k-300hzw11--g615l-pts6108wp,https://cdn1.sgliteasset.com/pcimagee/images/product/product-7647169/cached/NCOFEMhW6a3f67279f5a6_1782540071_webstore_listing_image1.jpg,PC Image - Asus,,RTX5070,32GB,32GB,,,,
G835L-WGSA378WP,"ROG Strix SCAR 18 ( U9-290HX/64GB/2TB/RTX5080 16GB/18"" 2.5K 240HZ/W11 ) G835L-WGSA378WP",27999,https://store.pcimage.com.my/product/rog-strix-scar-18--u9-290hx64gb2tbrtx5080-16gb18-25k-240hzw11--g835l-wgsa378wp,https://cdn1.sgliteasset.com/pcimagee/images/product/product-7647145/cached/OZ0UVxon6a3f65a8daf99_1782539688_webstore_listing_image1.jpg,PC Image - Asus,,RTX5080,64GB,64GB,,,,
G815L-RTT362WP,"ROG Strix G18 (Ultra 9-290HX/32GB/1TB/RTX5070TI12GB/18"" 2.5K WQXGA/W11) G815L-RTT362WP",16999,https://store.pcimage.com.my/product/rog-strix-g18-ultra-9-290hx32gb1tbrtx5070ti12gb18-25k-wqxgaw11-g815l-rtt362wp,https://cdn1.sgliteasset.com/pcimagee/images/product/product-7647136/cached/tqdgPUUp6a3f645a0dbd5_1782539354_webstore_listing_image1.jpg,PC Image - Asus,,RTX5070TI12GB,32GB,32GB,,,,
G615L-MTS5088W/G615L-MTS5088WP,"ROG Strix G16 ( U7-255HX/32GB/1TB/RTX5060 8GB/16"" 2.5K WQXGA/W11 ) G615L-MTS5088W",12999,https://store.pcimage.com.my/product/rog-strix-g16--u7-255hx32gb1tbrtx5060-8gb16-25k-wqxgaw11--g615l-mts5088w,https://cdn1.sgliteasset.com/pcimagee/images/product/product-7647106/cached/4NUz6fCV6a3f635792546_1782539095_webstore_listing_image1.jpg,PC Image - Asus,,RTX5060,32GB,32GB,,,,
G835L-XGTQ284WP,"ROG Strix SCAR 18 ( Ultra 9-290HX/64GB/2TB/RTX5090 24GB/18"" WQUXGA 4K 240HZ/W11 ) G835L-XGTQ284WP",32999,https://store.pcimage.com.my/product/rog-strix-scar-18--ultra-9-290hx64gb2tbrtx5090-24gb18-wquxga-4k-240hzw11--g835l-xgtq284wp,https://cdn1.sgliteasset.com/pcimagee/images/product/product-7647071/cached/MCj5Nkv36a3f649f126de_1782539423_webstore_listing_image1.jpg,PC Image - Asus,,RTX5090,64GB,64GB,,,,
G615L-MTS5078WP,"ROG Strix G16 ( U9-290HX/32GB/1TB/RTX5060 8GB/16"" 2.5K WQXGA/W11) G615L-MTS5078WP",13999,https://store.pcimage.com.my/product/rog-strix-g16--u9-290hx32gb1tbrtx5060-8gb16-25k-wqxgaw11-g615l-mts5078wp,https://cdn1.sgliteasset.com/pcimagee/images/product/product-7647034/cached/L85qj5476a3f5fc79794d_1782538183_webstore_listing_image1.jpg,PC Image - Asus,,RTX5060,32GB,32GB,,,,
G614P-WRV068W,"ROG Strix G16 G614P-WRV068W Gaming Laptop R9-8940HX/16GB DDR5/1TB SSD/RTX5080 16GB GDDR7/16.0"" FHD/W11H/ECLIPSE GRAY/2YW",12999,https://store.pcimage.com.my/product/rog-strix-g16-g614p-wrv068w-gaming-laptop-r9-8940hx-16gb-ddr5-1tb-ssd-rtx5080-16gb-gddr7-16-fhd-w11h-eclipse-gray-2yw,https://cdn1.sgliteasset.com/pcimagee/images/product/product-7639879/cached/8uhxBNny6a3de6d596b02_1782441685_webstore_listing_image1.jpg,PC Image - Asus,,RTX5080,16GB DDR5,16GB DDR5,"16.0"" FHD",,,
GX651A-XSR222W,"ROG Zephyrus Duo (2026) GX651( U9-386H/64GB/2TB/RTX5090 24GB/16"" 3K OLED TOUCH ) GX651A-XSR222W",36999,https://store.pcimage.com.my/product/rog-zephyrus-duo-2026-gx651-u9-386h64gb2tbrtx5090-24gb16-3k-oled-touch--gx651a-xsr222w,https://cdn1.sgliteasset.com/pcimagee/images/product/product-7639423/cached/9Fmjwlo76a3dc5a58fef2_1782433189_webstore_listing_image1.jpg,PC Image - Asus,,RTX5090,64GB,64GB,,,,
FA608U-MITU216WP,"ASUS TUF GAMING A16 FA608U-MITU216WP R7-260/16GB D5-5600/512GB G4/1-ZONE RGB/RTX5060 8GB/16"" FHD 144HZ/W11H/2 YR GLOBAL WITH 2YR ADP/JAEGER GRAY",6699,https://store.pcimage.com.my/product/asus-tuf-gaming-a16-fa608u-mitu216wp-r7-26016gb-d5-5600extra-slot512gb-g4extra-slot1-zone-rgbrtx5060-8gb16-fhd-144hzw11h2-yr-global-with-2yr-adpjaeger-gray-tuf-backpack,https://cdn1.sgliteasset.com/pcimagee/images/product/product-7616290/cached/w17JL5y06a3a49b606878_1782204854_webstore_listing_image1.jpg,PC Image - Asus,,RTX5060,16GB D5-5600,16GB D5-5600,"16"" FHD 144HZ",,,
FX608J-HITU205W,"ASUS TUF GAMING F16 FX608J-HITU205W I5-14450HX/16GB D5-5600/512GB G4/1-ZONE RGB/RTX5050 8GB/16"" FHD 144HZ/W11H/2 YR WITH 1ST YR ADP/JAEGER GRAY",5599,https://store.pcimage.com.my/product/asus-tuf-gaming-f16-fx608j-hitu205w-i5-14450hx16gb-d5-5600extra-slot512gb-g4extra-slot1-zone-rgbrtx5050-8gb16-fhd-144hzw11h2-yr-with-1st-yr-adpjaeger-gray-tuf-gaming-backpack,https://cdn1.sgliteasset.com/pcimagee/images/product/product-7616232/cached/AtiR8LyO6a3a45715ee14_1782203761_webstore_listing_image1.jpg,PC Image - Asus,I5-14450HX,RTX5050,16GB D5-5600,16GB D5-5600,"16"" FHD 144HZ",,,
FA608P-PRV048W/FA608P-PRV048WP,"ASUS TUF GAMING A16 FA608P-PRV048W R9-8940HX/16GB D5-5600/512GB G4/1-ZONE RGB/RTX5070 8GB/16"" FHD 165HZ/W11H/2 YR GLOBAL WITH 1ST YR ADP/JAEGER GRAY (TUF BP)",8999,https://store.pcimage.com.my/product/asus-tuf-gaming-a16-fa608p-prv048w-r9-8940hx16gb-d5-5600extra-slot512gb-g4extra-slot1-zone-rgbrtx5070-8gb16-fhd-165hzw11h2-yr-global-with-1st-yr-adpjaeger-gray-tuf-bp,https://cdn1.sgliteasset.com/pcimagee/images/product/product-7616194/cached/Qd2zF4tG6a3a41f27f62a_1782202866_webstore_listing_image1.jpg,PC Image - Asus,,RTX5070,16GB D5-5600,16GB D5-5600,"16"" FHD 165HZ",,,
FA607N-UQRL788WS/FA607N-UQRL788WSP,"ASUS TUF GAMING A16 FA607N-UQRL788WS R7 170/8GB D5-4800/512GB G4/1-ZONE RGB/RTX4050 6GB/16"" FHD 144HZ/W11H/HOME24+365B/2 YR GLOBAL WITH 1 YR ADP/MECHA GRAY (TUF BP)",4599,https://store.pcimage.com.my/product/asus-tuf-gaming-a16-fa607n-uqrl788ws-r7-1708gb-d5-4800extra-slot512gb-g4extra-slot1-zone-rgbrtx4050-6gb16-fhd-144hzw11hhome24365b2-yr-global-with-1-yr-adpmecha-gray-tuf-bp,https://cdn1.sgliteasset.com/pcimagee/images/product/product-7616104/cached/2ZwSK6xu6a350db718e74_1781861815_webstore_listing_image1.jpg,PC Image - Asus,R7 170,RTX4050,8GB D5-4800,8GB D5-4800,"16"" FHD 144HZ",,,
FA506N-CGHN566WSP,"ASUS TUF GAMING A15 FA506N-CGHN566WSP R7-8845HS/16GB D5-5600/512GB G4/1-ZONE RGB/RTX3050 4GB/15.6"" FHD 144HHZ/W11H/HOME 24+365B/GRAPHITE BLACK (TUF BP)",4299,https://store.pcimage.com.my/product/asus-tuf-gaming-a15-fa506n-cghn566wsp-r7-8845hs16gb-d5-5600extra-slot512gb-g4extra-slot1-zone-rgbrtx3050-4gb156-fhd-144hhzw11hhome-24365bgraphite-black-tuf-bp,https://cdn1.sgliteasset.com/pcimagee/images/product/product-7616021/cached/zcqEX0S56a35016abd1d7_1781858666_webstore_listing_image1.jpg,PC Image - Asus,,RTX3050,16GB D5-5600,16GB D5-5600,"15.6"" FHD",,,
PHN16-I31-73TC,"ACER/PREDATOR HELIOS NEO 16 PHN16-I31-73TC/I7-14650HX/16GB D5-5600/1TB G4/GeForce RTX™ 5060 8GB/16"" 180HZ WUXGA/W11H/2YWOS+ADT/4 ZONE RGB BACKLIT/BLACK/(BP) (NH.U4RSM.002)",8699,https://store.pcimage.com.my/product/acerpredator-helios-neo-16-phn16-i31-73tci7-14650hx16gb-d5-56001tb-g4rtx5060-8gb16-180hz-wuxgaw11h2ywosadt4-zone-rgb-backlitblackbp-nhu4rsm002,https://cdn1.sgliteasset.com/pcimagee/images/product/product-7538325/cached/q7uBfmAV6a28c8a72725c_1781057703_webstore_listing_image1.jpg,PC Image - ACER,I31-73TC,,16GB D5-5600,16GB D5-5600,,,,
PHN16-I31-55MB,"ACER/PREDATOR HELIOS NEO 16 PHN16-I31-55MB/I5-14450HX/16GB D5-5600/512GB G4/RTX5060 8GB/16"" 180HZ WUXGA/W11H/2YWOS+ADT/4 ZONE RGB BACKLIT/BLACK/(BP) (NH.U4RSM.001)",7999,https://store.pcimage.com.my/product/acerpredator-helios-neo-16-phn16-i31-55mbi5-14450hx16gb-d5-5600512gb-g4rtx5060-8gb16-180hz-wuxgaw11h2ywosadt4-zone-rgb-backlitblackbp-nhu4rsm001,https://cdn1.sgliteasset.com/pcimagee/images/product/product-7537427/cached/17apQiqk6a27de36aa880_1780997686_webstore_listing_image1.jpg,PC Image - ACER,I31-55MB,RTX5060,16GB D5-5600,16GB D5-5600,,,,
PHN16-I31-72SS,"ACER/PREDATOR HELIOS NEO 16 PHN16-I31-72SS/I7-14650HX/16GB D5-5600/1TB G4/RTX5070 8GB/16"" 180HZ WUXGA/W11H/2YWOS+ADT/4 ZONE RGB BACKLIT/BLACK/(BP) (NH.U4QSM.001)",9699,https://store.pcimage.com.my/product/acerpredator-helios-neo-16-phn16-i31-72ssi7-14650hx16gb-d5-56001tb-g4rtx5070-8gb16-180hz-wuxgaw11h2ywosadt4-zone-rgb-backlitblackbp-nhu4qsm001,https://cdn1.sgliteasset.com/pcimagee/images/product/product-7537199/cached/6RBqjPuh6a27d1ed75a39_1780994541_webstore_listing_image1.jpg,PC Image - ACER,I31-72SS,RTX5070,16GB D5-5600,16GB D5-5600,,,,
CROSSHAIR 16 HX AI D2XWFKG-020MY,"MSI CROSSHAIR 16 HX AI D2XWFKG-020MY 16"" Gaming Laptop Cosmos Grey (U9-275HX AI, 16GB 5600MHZ, 1TB SSD, RTX5060 8GB, 16"" QHD+ 240HZ, Win11H, 2YW)",6999,https://store.pcimage.com.my/product/msi-crosshair-16-hx-ai-d2xwfkg-020my-16-gaming-laptop-cosmos-grey-u9-275hx-ai-16gb-56000mhz-1tb-ssd-rtx5060-8gb-16-qhd-240hz-win11h-2yw,https://cdn1.sgliteasset.com/pcimagee/images/product/product-7536381/cached/GSmicbbW6a27c32f928f7_1780990767_webstore_listing_image1.jpg,PC Image - MSI,,RTX5060,"16GB 5600MHZ,","16GB 5600MHZ,","16"" QHD+ 240HZ",,,
G614P-MTS088W,"ROG Strix G16 G614P-MTS088W R9-8940HX/16GB DDR5/1TB SSD/RTX5060 8GB/16.0"" FHD/W11H/ECLIPSE  GRAY/2YW",9099,https://store.pcimage.com.my/product/rog-strix-g16-g614p-mts088w-r9-8940hx-16gb-ddr5-1tb-ssd-rtx5060-8gb-16-fhd-w11h-eclipse-gray-2yw,https://cdn1.sgliteasset.com/pcimagee/images/product/product-7524839/cached/H9qiqbWK6a267948e1f96_1780906313_webstore_listing_image1.jpg,PC Image - Asus,,RTX5060,16GB DDR5,16GB DDR5,"16.0"" FHD",,,
15-FA2607TX/15-FA2608TX,"HP/VICTUS GAMING 15-FA2607TX/15-FA2608TX/i5-13420H/16GB D4-3200(EXTRA SLOT)/512GB G4/RTX3050 6GB/15.6"" FHD 144HZ/W11H/HOME24/2YW+ADP/POWDER PINK/BLUE (BP) P/N: D86ZWPA",3799,https://store.pcimage.com.my/product/hpvictus-gaming-15-fa2607tx15-fa2608txi5-13420h16gb-d4-3200extra-slot512gb-g4rtx3050-6gb156-fhd-144hzw11hhome242ywadppowder-pinkblue-bp-pn-d86zwpa,https://cdn1.sgliteasset.com/pcimagee/images/product/product-7524164/cached/3oXJIZrd6a266de2d9923_1780903394_webstore_listing_image1.jpg,PC Image - HP,i5-13420H,RTX3050,16GB D4-3200(EXTRA,16GB D4-3200(EXTRA,"15.6"" FHD 144HZ",,,
P15 HK55F16512A-W-J1D-LAC,"COLORFUL EVOL P15 D4 I5-13420H/16GB D5/512GB G4/RTX5050 8GB/15.6"" FHD 144HZ/W11H/2Y P15 HK55F16512A-W-J1D-LAC",4199,https://store.pcimage.com.my/product/colorful-evol-p15-d4-i5-13420h-16gb-d5-5200-512gb-g4-extra-slot-rtx5050-8gb-15-6-fhd-144hz-w11h-2y-gaming-laptop,https://cdn1.sgliteasset.com/pcimagee/images/product/product-7489369/cached/Np0SN8fu6a193b28cb238_1780038440_webstore_listing_image1.jpg,PC Image - Colorful,4 I5-13420H,RTX5050,16GB D5,16GB D5,"15.6"" FHD 144HZ",,,
P15 HD76A16512E-G-J1D-LAC,"COLORFUL EVOL P15 I7-14650HX GeForce RTX™ 5060 8GB (16GB D5-5600/512GB G4(EXTRA SLOT)/15.6"" QHD 165HZ/W11H/2YW) Gaming Laptop",5299,https://store.pcimage.com.my/product/colorful-evol-p15-i7-14650hx-16gb-d5-5600-512gb-g4-extra-slot-rtx5060-8gb-15-6-qhd-165hz-w11h-2yw-gaming-laptop,https://cdn1.sgliteasset.com/pcimagee/images/product/product-7489370/cached/v0BP5Hfc6a193588a909f_1780037000_webstore_listing_image1.jpg,PC Image - Colorful,5 I7-14650HX,,8GB (16GB,8GB (16GB,"15.6"" QHD 165HZ",,,
X15 XS 22-HD55016512B-G-SC,"COLORFUL X15-XS22 15.6"" Laptop (i5-12450H, 16GB RAM, 512GB SSD, RTX3050 4GB, 15.6"" 144HZ, Win11H, 2YW, Grey)",2859,https://store.pcimage.com.my/product/colorful-x15-xs22-15-6-laptop-i5-12450h-16gb-ram-512gb-ssd-rtx3050-4gb-15-6-144hz-win11h-2yw-grey,https://cdn1.sgliteasset.com/pcimagee/images/product/product-7489368/cached/nRGDA1b86a19358832407_1780037000_webstore_listing_image1.jpg,PC Image - Colorful,"i5-12450H,",RTX3050,"16GB RAM,","16GB RAM,",,,,
15 XS 22-HE55016512B-G-SC,"Colorful X15 XS 22-HD55016512B-G-SC ( i5-12450H/16GB/512GB SSD/RTX3050/15.6"" 144HZ)",2759,https://store.pcimage.com.my/product/colorful-x15-xs-22-hd55016512b-g-sc-i5-12450h-16gb-512gb-ssd-rtx3050-15-6-144hz,https://cdn1.sgliteasset.com/pcimagee/images/product/product-7489367/cached/psPOTUQH6a1935829678a_1780036994_webstore_listing_image1.jpg,PC Image - Colorful,i5-12450H,RTX3050,16GB,16GB,,,,
CYBORG A17 AI B2HWEKG-051MY,"MSI CYBORG A17 AI B2HWEKG-051MY RYZEN 7 260/16GB/512GB SSD/RTX5050 8GB/17.3"" FHD/W11H/TRANSLUCENT BLACK/2YW",5599,https://store.pcimage.com.my/product/msi-cyborg-a17-ai-b2hwekg-051my-ryzen-7-260-16gb-512gb-ssd-rtx5050-8gb-17-3-fhd-w11h-translucent-black-2yw,https://cdn1.sgliteasset.com/pcimagee/images/product/product-7486479/cached/t0lowy7v6a17bab2208da_1779940018_webstore_listing_image1.jpg,PC Image - MSI,,RTX5050,16GB,16GB,"17.3"" FHD",,,
CYBORG A17 AI B2HWFKG-050MY,"MSI CYBORG A17 AI B2HWFKG-050MY Ryzen™ 7 260/16GB/512GB SSD/RTX5060 8GB/17.3"" FHD/W11H/TRANSLUCENT BLACK/2YW",5999,https://store.pcimage.com.my/product/msi-cyborg-a17-ai-b2hwfkg-050my-ryzen-7-260-16gb-512gb-ssd-rtx5060-8gb-17-3-fhd-w11h-translucent-black-2yw,https://cdn1.sgliteasset.com/pcimagee/images/product/product-7486478/cached/ymnSrauQ6a17bab1b83c8_1779940017_webstore_listing_image1.jpg,PC Image - MSI,,RTX5060,16GB,16GB,"17.3"" FHD",,,
RAIDER 16 MAX HX B2WI-081MY,"MSI RAIDER 16 MAX HX B2WI-081MY U9-290HX PLUS AI/32GB/2TB SSD/RTX5080 16GB/16"" OLED QHD+/W11H/CORE BLACK/2YW",17999,https://store.pcimage.com.my/product/msi-raider-16-max-hx-b2wi-081my-u9-290hx-plus-ai-32gb-2tb-ssd-rtx5080-16gb-16-oled-qhd-w11h-core-black-2yw,https://cdn1.sgliteasset.com/pcimagee/images/product/product-7486470/cached/i048iWXi6a17baaf84ed5_1779940015_webstore_listing_image1.jpg,PC Image - MSI,,RTX5080,32GB,32GB,"16"" OLED",,,
RAIDER 16 MAX HX B2WH-063MY,"MSI RAIDER 16 MAX HX B2WH-063MY U7-251HX AI/32GB/1TB SSD/**RTX5070TI 12GB /16GB 6400MHZ/16"" QHD+/W11H/CORE BLACK/2YW",9999,https://store.pcimage.com.my/product/msi-raider-16-max-hx-b2wh-063my-u7-251hx-ai-32gb-1tb-ssd-rtx5070-12gb-16-qhd-w11h-core-black-2yw,https://cdn1.sgliteasset.com/pcimagee/images/product/product-7486469/cached/EUU8pDH66a17baae1466a_1779940014_webstore_listing_image1.jpg,PC Image - MSI,,RTX5070TI,32GB,32GB,"16"" QHD+",,,
CYBORG 15 BLACK EDITION A13VE-2476MY,"MSI CYBORG 15 BLACK EDITION A13VE-2476MY I7-13620H/16GB/512GB SSD/RTX4050 6GB/15.6"" FHD/W11H/BLACK/2YW",4299,https://store.pcimage.com.my/product/msi-cyborg-15-black-edition-a13ve-2476my-i7-13620h-16gb-512gb-ssd-rtx4050-6gb-15-6-fhd-w11h-home24-black-2yw,https://cdn1.sgliteasset.com/pcimagee/images/product/product-7486468/cached/zEQUURtJ6a17baac935b6_1779940012_webstore_listing_image1.jpg,PC Image - MSI,I7-13620H,RTX4050,16GB,16GB,"15.6"" FHD",,,
CYBORG 14 A13VF-248MY,"MSI CYBORG 14 A13VF-248MY I7-13620H/16GB 5200MHZ(8+8)/512GB SSD/RTX4060 8GB/14"" FHD 144HZ/W11H/TRANSLUCENT BLACK/2YW",4999,https://store.pcimage.com.my/product/msi-cyborg-14-a13vf-248my-i7-13620h-16gb-5200mhz-8-8-512gb-ssd-rtx4060-8gb-14-fhd-144hz-w11h-translucent-black-2yw,https://cdn1.sgliteasset.com/pcimagee/images/product/product-7486462/cached/tU2CBwoo6a17baa1a6024_1779940001_webstore_listing_image1.jpg,PC Image - MSI,I7-13620H,RTX4060,16GB 5200MHZ(8+8),16GB 5200MHZ(8+8),"14"" FHD 144HZ",,,
CYBORG 15 A13VE-2215MY,"MSI CYBORG 15 A13VE-2215MY 15.6"" Gaming Laptop (i5-13420H, 16GB 5600MHZ, 512GB SSD, RTX4050 6GB, 15.6"" FHD 144HZ, Win11H, OfficeHome24, 2YW, Translucent Black)",3999,https://store.pcimage.com.my/product/msi-cyborg-15-a13ve-2215my-i5-13420h-16gb-5600mhz-512gb-ssd-rtx4050-6gb-15-6-fhd-144hz-w11h-home24-2yw-translucent-black,https://cdn1.sgliteasset.com/pcimagee/images/product/product-7486460/cached/KQVcwKTu6a17ba9faa3a2_1779939999_webstore_listing_image1.jpg,PC Image - MSI,"i5-13420H,",RTX4050,"16GB 5600MHZ,","16GB 5600MHZ,","15.6"" FHD 144HZ",,,
THIN 15 B13UC-3439MY,"MSI THIN 15 B13UC-3439MY I7-13620H/16GB512GB SSD/RTX3050 4GB/15.6"" FHD 144HZ/W11H/HOME24/COSMOS GRAY/2YW",3799,https://store.pcimage.com.my/product/msi-thin-15-b13uc-3439my-i7-13620h-16gb512gb-ssd-rtx3050-4gb-15-6-fhd-144hz-w11h-home24-cosmos-gray-2yw,https://cdn1.sgliteasset.com/pcimagee/images/product/product-7486455/cached/nONY73fz6a17ba93e0260_1779939988_webstore_listing_image1.jpg,PC Image - MSI,I7-13620H,RTX3050,16GB512GB,16GB512GB,"15.6"" FHD 144HZ",,,
THIN 15 B13UC-3456MY,"MSI THIN 15 B13UC-3456MY I5-13420H/16GB/512GB SSD/RTX3050 4GB/15.6"" FHD 144HZ/W11H/HOME24/COSMOS GRAY/2YW",3499,https://store.pcimage.com.my/product/msi-thin-15-b13uc-3456my-i5-13420h-16gb-512gb-ssd-rtx3050-4gb-15-6-fhd-144hz-w11h-home24-cosmos-gray-2yw,https://cdn1.sgliteasset.com/pcimagee/images/product/product-7486454/cached/KelOiKy96a51de644d690_1783750244_webstore_listing_image1.jpg,PC Image - MSI,I5-13420H,RTX3050,16GB,16GB,"15.6"" FHD 144HZ",,,
THIN 15 B13UC-3441MY,"MSI THIN 15 B13UC-3441MY I5-13420H/16GB/512GB SSD/RTX3050 4GB/15.6"" FHD 144HZ/W11H/COSMOS GRAY/2YW",3099,https://store.pcimage.com.my/product/msi-thin-15-b13uc-3441my-i5-13420h-16gb-512gb-ssd-rtx3050-4gb-15-6-fhd-144hz-w11h-cosmos-gray-2yw,https://cdn1.sgliteasset.com/pcimagee/images/product/product-7486453/cached/6CRifP3i6a17ba8f70e3a_1779939983_webstore_listing_image1.jpg,PC Image - MSI,I5-13420H,RTX3050,16GB,16GB,"15.6"" FHD 144HZ",,,
THIN A15 B7VE-657MY,"[ONLINE EXCLUSIVE] MSI THIN A15 B7VE-657MY R7-7735HS/16GB DDR5/512GB SSD/RTX4050 6GB/15.6"" FHD 144HZ/W11H/HOME24/COSMOS GRAYW/2Y",4299,https://store.pcimage.com.my/product/msi-thin-a15-b7ve-657my-r7-7735hs-16gb-ddr5-512gb-ssd-rtx4050-6gb-15-6-fhd-144hz-w11h-home24-cosmos-grayw-2y,https://cdn1.sgliteasset.com/pcimagee/images/product/product-7486451/cached/CdkadYms6a17ba8d35dfb_1779939981_webstore_listing_image1.jpg,PC Image - MSI,,RTX4050,16GB DDR5,16GB DDR5,"15.6"" FHD 144HZ",,,
CYBORG 15 B13WEKG-608MY,"MSI CYBORG 15 B13WEKG-608MY 15.6"" Gaming Laptop (i5-13420H, 16GB 5200MHZ, 512GB SSD, RTX5050 8GB, 15.6"" FHD 144HZ, Win11H, 2YW, Translucent Black)",4099,https://store.pcimage.com.my/product/msi-cyborg-15-b13wekg-608my-i5-13420h-16gb-5200mhz-512gb-ssd-rtx5050-8gb-15-6-fhd-144hz-w11h-2yw-translucent-black,https://cdn1.sgliteasset.com/pcimagee/images/product/product-7486441/cached/3cNQIMUV6a17ba83be6e3_1779939971_webstore_listing_image1.jpg,PC Image - MSI,"i5-13420H,",RTX5050,"16GB 5200MHZ,","16GB 5200MHZ,","15.6"" FHD 144HZ",,,
CYBORG 15 B13WFKG-680MY,"MSI CYBORG 15 B13WFKG-680MY 15.6"" Gaming Laptop Translucent Black (i7-13620H, 16GB 5600MHZ, 1TB SSD, RTX5060 8GB, 15.6"" FHD 144HZ, Win11H, 2YW)",5399,https://store.pcimage.com.my/product/msi-cyborg-15-b13wfkg-680my-i7-13620h-16gb-5600mhz-1tb-ssd-rtx5060-8gb-15-6-fhd-144hz-w11h-2yw-translucent-black,https://cdn1.sgliteasset.com/pcimagee/images/product/product-7486438/cached/cAvsfRpg6a17ba7bc0d88_1779939963_webstore_listing_image1.jpg,PC Image - MSI,"i7-13620H,",RTX5060,"16GB 5600MHZ,","16GB 5600MHZ,","15.6"" FHD 144HZ",,,
CYBORG 15 A12VF-2091MY,"MSI CYBORG 15 A12VF-2091MY 15.6"" Gaming Laptop Translucent Black (i7-12650H, 16GB 4800Mhz, 1TB SSD, RTX4060 8GB, 15.6"" FHD 144Hz, Win11H, 2YW)",4199,https://store.pcimage.com.my/product/msi-cyborg-15-a12vf-2091my-i7-12650h-16gb-4800mhz-8-8-1tb-ssd-rtx4060-8gb-15-6-fhd-144hz-w11h-2yw-translucent-black,https://cdn1.sgliteasset.com/pcimagee/images/product/product-7486436/cached/6VS1mQ5E6a17ba7aebc79_1779939963_webstore_listing_image1.jpg,PC Image Gaming,"i7-12650H,",RTX4060,"16GB 4800Mhz,","16GB 4800Mhz,","15.6"" FHD 144Hz",,,
KATANA 15 HX B14WGK-676MY,"MSI KATANA 15 HX B14WGK-676MY I7-14700HX/16GB 5600MHZ(8+8)/1TB SSD/RTX5070 8GB/15.6"" QHD 165HZ/W11H/2YW/BLACK/4-ZONE RGB KB COPILOT KEY(ESSENTIAL BACKPACK) Laptop",6399,https://store.pcimage.com.my/product/msi-katana-15-hx-b14wgk-676my-i7-14700hx-16gb-5600mhz-8-8-1tb-ssd-rtx5070-8gb-15-6-qhd-165hz-w11h-2yw-black-4-zone-rgb-kb-copilot-key-essent,https://cdn1.sgliteasset.com/pcimagee/images/product/product-7486434/cached/M32R5HfT6a17ba792ba81_1779939961_webstore_listing_image1.jpg,PC Image - MSI,I7-14700HX,RTX5070,16GB 5600MHZ(8+8),16GB 5600MHZ(8+8),"15.6"" QHD 165HZ",,,
KATANA 15 HX B14WEK-659MY,"MSI KATANA 15 HX B14WEK-659MY I7-14700HX/16GB 5600MHZ(8+8)/1TB SSD/RTX5050 8GB/15.6"" QHD 165HZ/W11H/2YW/BLACK/4-ZONE RGB KB COPILOT KEY(ESSENTIAL BACKPACK) Laptop",5499,https://store.pcimage.com.my/product/msi-katana-15-hx-b14wek-659my-i7-14700hx-16gb-5600mhz-8-8-1tb-ssd-rtx5050-8gb-15-6-qhd-165hz-w11h-2yw-black-4-zone-rgb-kb-copilot-key-essent,https://cdn1.sgliteasset.com/pcimagee/images/product/product-7486433/cached/C8ZBBpzy6a17ba78a5be3_1779939961_webstore_listing_image1.jpg,PC Image - MSI,I7-14700HX,RTX5050,16GB 5600MHZ(8+8),16GB 5600MHZ(8+8),"15.6"" QHD 165HZ",,,
KATANA 15 HX B14WEK-628MY,"MSI Katana 15 HX B14WEK-628MY 15.6"" Gaming Laptop Black (i5-14450HX, 16GB 5600Mhz, 1TB SSD, RTX5050 8GB, 15.6"" QHD 165Hz, Win11H, 2YW)",5299,https://store.pcimage.com.my/product/msi-katana-15-hx-b14wek-628my-15-6-gaming-laptop-black-i5-14450hx-16gb-5600mhz-1tb-ssd-rtx5050-8gb-15-6-qhd-165hz-win11h-2yw,https://cdn1.sgliteasset.com/pcimagee/images/product/product-7486431/cached/IYwqniJB6a17ba7768202_1779939959_webstore_listing_image1.jpg,PC Image - MSI,"i5-14450HX,",RTX5050,"16GB 5600Mhz,","16GB 5600Mhz,","15.6"" QHD 165Hz",,,
CYBORG 15 B2RWEKG-225MY,"MSI Cyborg 15 B2RWEKG-225MY GeForce RTX™ 5050 8GB 15.6"" Gaming Laptop (C5-210H, 16GB DDR5, 512GB SSD, 15.6"" FHD 144Hz, Win11H, 2YW)",4299,https://store.pcimage.com.my/product/msi-cyborg-15-b2rwekg-225my-c5-210h-16gb-5600mhz-8-8-512gb-ssd-rtx5050-8gb-15-6-fhd-144hz-w11h-2yw-translucent-black,https://cdn1.sgliteasset.com/pcimagee/images/product/product-7486430/cached/O9JSflw16a17ba772dedf_1779939959_webstore_listing_image1.jpg,PC Image - MSI,,,"8GB 15.6""","8GB 15.6""","15.6"" FHD 144Hz",,,
CYBORG 15 B2RWFKG-223MY,"MSI Cyborg 15 B2RWFKG-223MY 15.6"" Gaming Laptop (C5-210H, 16GB DDR5, 512GB SSD, RTX5060 8GB, 15.6"" FHD 144Hz, Win11H, 2YW)",4899,https://store.pcimage.com.my/product/msi-cyborg-15-b2rwfkg-223my-c5-210h-16gb-5600mhz-8-8-512gb-ssd-rtx5060-8gb-15-6-fhd-144hz-w11h-2yw-translucent-black,https://cdn1.sgliteasset.com/pcimagee/images/product/product-7486428/cached/KTsiVvjG6a17ba6eb2fd4_1779939950_webstore_listing_image1.jpg,PC Image - MSI,,RTX5060,"16GB DDR5,","16GB DDR5,","15.6"" FHD 144Hz",,,
THIN 15 B13VE-3216MY,"MSI THIN 15 B13VE-3216MY 15.6"" Gaming Laptop (i5-13420H, 8GB DDR4, 512GB SSD, RTX4050 6GB, 15.6"" FHD 144Hz, Win11H, OfficeHome24, 2YW)",3399,https://store.pcimage.com.my/product/msi-thin-15-b13ve-3216my-15-6-gaming-laptop-i5-13420h-8gb-ddr4-512gb-ssd-rtx4050-6gb-15-6-fhd-144hz-win11h-officehome24-2yw,https://cdn1.sgliteasset.com/pcimagee/images/product/product-7486427/cached/zukc25Ia6a17ba6e02024_1779939950_webstore_listing_image1.jpg,PC Image - MSI,"i5-13420H,",RTX4050,"8GB DDR4,","8GB DDR4,","15.6"" FHD 144Hz",,,
THIN A15 B7VE-605MY,"MSI THIN A15 B7VE-605MY 15.6"" Gaming Laptop (R5-7535HS, 8GB DDR5, 512GB SSD, RTX4050 6GB, 15.6"" FHD 144Hz, Win11H, OfficeHome24, 2YW)",3599,https://store.pcimage.com.my/product/msi-thin-a15-b7ve-605my-15-6-gaming-laptop-r5-7535hs-8gb-ddr5-512gb-ssd-rtx4050-6gb-15-6-fhd-144hz-win11h-officehome24-2yw,https://cdn1.sgliteasset.com/pcimagee/images/product/product-7486426/cached/JOPY5ovr6a17ba6b289e3_1779939947_webstore_listing_image1.jpg,PC Image - MSI,,RTX4050,"8GB DDR5,","8GB DDR5,","15.6"" FHD 144Hz",,,
KATANA 15 HX B14WEK-432MY,"MSI KATANA 15 HX B14WEK-432MY I9-14900HX/16GB 5600MHZ(8+8)/1TB SSD/RTX5050 8GB/15.6"" QHD 165HZ/W11H/2YW/BLACK",5899,https://store.pcimage.com.my/product/msi-katana-15-hx-b14wek-432my-i9-14900hx-16gb-5600mhz-8-8-1tb-ssd-rtx5050-8gb-15-6-qhd-165hz-w11h-2yw-black,https://cdn1.sgliteasset.com/pcimagee/images/product/product-7486424/cached/APnovvCu6a17ba68bd57d_1779939944_webstore_listing_image1.jpg,PC Image - MSI,I9-14900HX,RTX5050,16GB 5600MHZ(8+8),16GB 5600MHZ(8+8),"15.6"" QHD 165HZ",,,
KATANA 15 HX B14WEK-435MY,"MSI KATANA 15 HX B14WEK-435MY 15.6"" Gaming Laptop (i7-14650HX, 16GB DDR5, 512GB SSD, RTX5050 8GB, 15.6"" QHD 165Hz, Win11H, 2YW)",5399,https://store.pcimage.com.my/product/msi-katana-15-hx-b14wek-435my-i7-14650hx-16gb-5600mhz-8-8-512gb-ssd-rtx5050-8gb-15-6-qhd-165hz-w11h-2yw-black,https://cdn1.sgliteasset.com/pcimagee/images/product/product-7486425/cached/MtafvaAn6a17ba68ccaa2_1779939944_webstore_listing_image1.jpg,PC Image - MSI,"i7-14650HX,",RTX5050,"16GB DDR5,","16GB DDR5,","15.6"" QHD 165Hz",,,
KATANA 15 HX B14WFK-287MY,"MSI KATANA 15 HX B14WFK-287MY I9-14900HX/16GB 5600MHZ(8+8)/1TB SSD/RTX5060 8GB/15.6"" QHD 165HZ/W11H/2YW/BLACK",6599,https://store.pcimage.com.my/product/msi-katana-15-hx-b14wfk-287my-i9-14900hx-16gb-5600mhz-8-8-1tb-ssd-rtx5060-8gb-15-6-qhd-165hz-w11h-2yw-black,https://cdn1.sgliteasset.com/pcimagee/images/product/product-7486423/cached/GqJm6NfZ6a17ba67c5812_1779939943_webstore_listing_image1.jpg,PC Image - MSI,I9-14900HX,RTX5060,16GB 5600MHZ(8+8),16GB 5600MHZ(8+8),"15.6"" QHD 165HZ",,,
KATANA 15 HX B14WGK-283MY,"MSI KATANA 15 HX B14WGK-283MY I9-14900HX/16GB 5600MHZ(8+8)/1TB SSD/RTX5070 8GB/15.6"" QHD 165HZ/W11H/2YW/BLACK",6899,https://store.pcimage.com.my/product/msi-katana-15-hx-b14wgk-283my-i9-14900hx-16gb-5600mhz-8-8-1tb-ssd-rtx5070-8gb-15-6-qhd-165hz-w11h-2yw-black,https://cdn1.sgliteasset.com/pcimagee/images/product/product-7486422/cached/5RxrNc4b6a17ba67be5e4_1779939943_webstore_listing_image1.jpg,PC Image - MSI,I9-14900HX,RTX5070,16GB 5600MHZ(8+8),16GB 5600MHZ(8+8),"15.6"" QHD 165HZ",,,
KATANA 15 HX B14WFK-288MY,"MSI KATANA 15 HX B14WFK-288MY I7-14650HX/16GB 5600MHZ(8+8)/1TB SSD/RTX5060 8GB/15.6"" QHD 165HZ/W11H/2YW/BLACK",6399,https://store.pcimage.com.my/product/msi-katana-15-hx-b14wfk-288my-i7-14650hx-16gb-5600mhz-8-8-1tb-ssd-rtx5060-8gb-15-6-qhd-165hz-w11h-2yw-black,https://cdn1.sgliteasset.com/pcimagee/images/product/product-7486421/cached/D5K7GJHK6a17ba66c20dc_1779939942_webstore_listing_image1.jpg,PC Image - MSI,I7-14650HX,RTX5060,16GB 5600MHZ(8+8),16GB 5600MHZ(8+8),"15.6"" QHD 165HZ",,,
CROSSHAIR A16 HX D8WGKG-018MY,"MSI CROSSHAIR A16 HX D8WGKG-018MY GeForce RTX™ 5070 R9-8940HX/16GB 5600MHZ(8+8)/1TB SSD(1*EXTRA GEN5 SLOT)/RTX5070 8GB/16"" QHD+ 240HZ/W11H/2YW/COSMOS GRAY",7199,https://store.pcimage.com.my/product/msi-crosshair-a16-hx-d8wgkg-018my-r9-8940hx-16gb-5600mhz-8-8-1tb-ssd-1-extra-gen5-slot-rtx5070-8gb-16-qhd-240hz-w11h-2yw-cosmos-gray,https://cdn1.sgliteasset.com/pcimagee/images/product/product-7486419/cached/gy4LUImN6a17ba62483fd_1779939938_webstore_listing_image1.jpg,PC Image - MSI,,RTX5070,16GB 5600MHZ(8+8),16GB 5600MHZ(8+8),"16"" QHD+ 240HZ",,,
KATANA 15 HX B14WFK-289MY,"MSI Katana 15 HX-B14WFK-289MY 15.6"" Gaming Laptop Black (i7-14650HX/16GB 5600Mhz, 512GB SSD, RTX5060 8GB, 15.6"" QHD 165HZ, Win11H, 2YW)",5999,https://store.pcimage.com.my/product/msi-katana-15-hx-14wfk-289myi7-14650hx-16gb-5600mhz-8-512gb-ssd-rtx5060-8gb-15-6-qhd-165hz-w11h-2yw-black,https://cdn1.sgliteasset.com/pcimagee/images/product/product-7486418/cached/VUDrWu4N6a17ba61cfa11_1779939937_webstore_listing_image1.jpg,PC Image - MSI,i7-14650HX,RTX5060,"16GB 5600Mhz,","16GB 5600Mhz,","15.6"" QHD 165HZ",,,
CROSSHAIR A16 HX D8WFKG-019MY,"MSI Crosshair A16 HX D8WFKG-019MY GeForce RTX™ 5060 16"" Gaming Laptop Cosmos Grey (R9-8940HX, 16GB 5600MHZ, 1TB SSD, RTX5060 8GB, 16"" QHD+ 240HZ, Win11H, 2YW)",6399,https://store.pcimage.com.my/product/msi-crosshair-a16-hx-d8wfkg-019my-r9-8940hx-16gb-5600mhz-8-8-1tb-ssd-1-extra-gen5-slot-rtx5060-8gb-16-qhd-240hz-w11h-2yw-cosmos-gray,https://cdn1.sgliteasset.com/pcimagee/images/product/product-7486416/cached/5Tw3cf0h6a17ba559a3b4_1779939925_webstore_listing_image1.jpg,PC Image - MSI,,RTX5060,"16GB 5600MHZ,","16GB 5600MHZ,","16"" QHD+ 240HZ",,,
CROSSHAIR 16 HX AI D2XWGKG-019MY,"MSI CROSSHAIR 16 HX AI D2XWGKG-019MY U9-275HX AI/16GB 5600MHZ(8+8)/1TB SSD(1*EXTRA GEN5 SLOT)/RTX5070 8GB/16"" QHD+ 240HZ/W11H/2YW/COSMOS GRAY/24-ZONE RGB GAMING KB COPILOT KEY(ESSENTIAL BACKPACK)",8599,https://store.pcimage.com.my/product/msi-crosshair-16-hx-ai-d2xwgkg-019my,https://cdn1.sgliteasset.com/pcimagee/images/product/product-7486411/cached/2NKSwlwM6a17ba5232ca2_1779939922_webstore_listing_image1.jpg,PC Image - MSI,,RTX5070,16GB 5600MHZ(8+8),16GB 5600MHZ(8+8),"16"" QHD+ 240HZ",,,
VECTOR 16 HX AI A2XWHG-066MY,"MSI Vector 16 HX AI A2XWHG-066MY 16"" QHD+ Gaming Laptop Cosmos Grey (Ultra 9 275HX, 32GB, 2TB SSD, GeForce RTX 5070Ti 12GB, W11)",11999,https://store.pcimage.com.my/product/msi-vector-16-hx-ai-a2xwhg-066-16-qhd-gaming-laptop-ultra-9-275hx-32gb-2tb-ssd-rtx-5070ti-12gb-w11,https://cdn1.sgliteasset.com/pcimagee/images/product/product-7486410/cached/zBrJQBFI6a17ba520d541_1779939922_webstore_listing_image1.jpg,PC Image - MSI,,RTX 5070Ti,"32GB,","32GB,","16"" QHD+",,,
RAIDER 18 HX AI A2XWIG-048MY,"MSI RAIDER 18 HX AI A2XWIG-048MY Gaming Laptop (U9-285HX AI/64GB 6400MHZ(32+32)/4TB SSD(2TB GEN5+2TB GEN4)/RTX5080 16GB/18"" UHD+ 120HZ/W11H/2YW ONSITE/CORE BLACK/PER KEY RGB GAMING KB COPILOT KEY)",17999,https://store.pcimage.com.my/product/msi-raider-18-hx-ai-a2xwig-048my-gaming-laptop-u9-285hx-ai-64gb-6400mhz-32-32-4tb-ssd-2tb-gen5-2tb-gen4-rtx5080-16gb-18-uhd-120hz-w11h-2yw-o,https://cdn1.sgliteasset.com/pcimagee/images/product/product-7486407/cached/tkC38sg16a17ba4dabce3_1779939917_webstore_listing_image1.jpg,PC Image - MSI,,RTX5080,64GB 6400MHZ(32+32),64GB 6400MHZ(32+32),"18"" UHD+ 120HZ",,,
Stealth A16 AI+ A3XVGG-089MY,"MSI Stealth A16 AI+ A3XVGG-089MY 16"" Gaming Laptop Core Black (R9 370/32GB LPDDR5X, 1TB SSD, RTX4070 8GB, 16"" UHD+ 120HZ, Win11H, 2YW)",8499,https://store.pcimage.com.my/product/stealth-a16-ai-a3xvgg-089my,https://cdn1.sgliteasset.com/pcimagee/images/product/product-7486406/cached/xtTnDo5v6a17ba4d92cc2_1779939917_webstore_listing_image1.jpg,PC Image - MSI,R9 370,RTX4070,"32GB LPDDR5X,","32GB LPDDR5X,","16"" UHD+ 120HZ",,,
PHN16-I31-71VG,"ACER PREDATOR HELIOS NEO 16 PHN16-I31-71VG I7-14650HX/16GB/512GB/NVIDIA®  GEFORCE RTX™ 5070 8GB/16""/W11H/HOME24+M365B/BLACK/2YW",7699,https://store.pcimage.com.my/product/acer-predator-helios-neo-16-phn16-i31-71vg-i7-14650hx-16gb-512gb-rtx5050-8gb-16-w11h-home24-m365b-black-2yw,https://cdn1.sgliteasset.com/pcimagee/images/product/product-7483799/cached/A0SjfOxX6a15611ecbd16_1779786014_webstore_listing_image1.jpg,PC Image - ACER,I31-71VG,,16GB,16GB,,,,
PH18-73-90Z9,"Acer Predator Helios 18 AI PH18-73-90Z9 18"" Gaming Laptop (U9-275HX, 96GB DDR5, 4TB SSD, GeForce RTX5090 24GB, Win11H, OfficeHome24+365Basic, 2YW)",23999,https://store.pcimage.com.my/product/acer-predator-helios-18-ai-ph18-73-90z9-18-gaming-laptop-u9-275hx-96gb-ddr5-4tb-ssd-geforce-rtx5090-24gb-win11h-officehome24-365basic-2yw,https://cdn1.sgliteasset.com/pcimagee/images/product/product-7483798/cached/DvhkI5Co6a15611535056_1779786005_webstore_listing_image1.jpg,PC Image - ACER,,RTX5090,"96GB DDR5,","96GB DDR5,",,,,
DG.E4FSM.004,"ACER Nitro 50 N50-660-225W11 Desktop PC (U5 225F, 8GB DDR5, 512GB SSD, RTX5060 8GB, Win11H, 3YW)",5499,https://store.pcimage.com.my/product/acer-nitro-50-n50-660-225w11-desktop-pc-u5-225f-8gb-ddr5-512gb-ssd-rtx5060-8gb-win11h-3yw,https://cdn1.sgliteasset.com/pcimagee/images/product/product-7483796/cached/xy28uwZy6a1561129bcde_1779786002_webstore_listing_image1.jpg,PC Image - ACER,,RTX5060,"8GB DDR5,","8GB DDR5,",,,,
DG.E3USM.00C,"ACER Nitro N50-656-14400W11G Gaming Desktop PC (i5-14400F, 8GB DDR5, 512GB SSD, RTX3050 6GB, Win11H, OfficeHNS+M365,  3YW)",4199,https://store.pcimage.com.my/product/acer-nitro-n50-656-14400w11g-gaming-desktop-pc-i5-14400f-8gb-ddr5-512gb-ssd-rtx3050-6gb-win11h-officehns-m365-3y,https://cdn1.sgliteasset.com/pcimagee/images/product/product-7483795/cached/En8BPzKb6a15610e867f5_1779785998_webstore_listing_image1.jpg,PC Image - ACER,"i5-14400F,",RTX3050,"8GB DDR5,","8GB DDR5,",,,,
ANV15-41-R0DZ,"ACER NITRO V15 ANV15-41-R0DZ R5-6600H/8G D5/512GB G4/RTX3050 6GB/15.6"" FHD IPS 165HZ/W11/HOME24/BLACK/2YW",3599,https://store.pcimage.com.my/product/acer-nitro-v15-anv15-41-r0dz-r5-6600h-8g-d5-5200-512gb-g4-rtx3050-6gb-15-6-fhd-ips-165hz-w11-home24-black-2yw,https://cdn1.sgliteasset.com/pcimagee/images/product/product-7483771/cached/J68y8MBz6a1560e40cdb0_1779785956_webstore_listing_image1.jpg,PC Image - HP,,RTX3050,512GB G4,512GB G4,"15.6"" FHD",,,
ANV15-52-50XL,"ACER NITRO V15 ANV15-52-50XL CORE 5 210H/16GB D5-5200/512GB G4/RTX3050 6GB/15.6"" FHD/W11H/HOME24/BLACK/2YW",3599,https://store.pcimage.com.my/product/acer-nitro-v15-anv15-52-50xl-core-5-210h-16gb-d5-5200-512gb-g4-rtx3050-6gb-15-6-165hz-fhd-w11h-home24-2yw-1styitw-amber-backlit-black,https://cdn1.sgliteasset.com/pcimagee/images/product/product-7483770/cached/A5RDXUFQ6a1560e3e9ab5_1779785956_webstore_listing_image1.jpg,PC Image - HP,,RTX3050,16GB D5-5200,16GB D5-5200,"15.6"" FHD",,,
ANV16S-71-715L,"ACER NITRO V16S ANV16S-71-715L GeForce RTX™ 55060 CORE 7 240H/16GB D5-5600/512GB G4/RTX5060 8GB/16"" WUXGA 180HZ/W11H/HNS24/2YW(1STYITW)/BLACK Gaming Laptop",5699,https://store.pcimage.com.my/product/acer-nitro-v16s-anv16s-71-715l-core-7-240h-16gb-d5-5600-512gb-g4-rtx5060-8gb-16-wuxga-180hz-w11h-hns24-2yw-1styitw-black-gaming-laptop,https://cdn1.sgliteasset.com/pcimagee/images/product/product-7483767/cached/cJauiNhA6a1560df10d35_1779785951_webstore_listing_image1.jpg,PC Image - ACER,,RTX5060,16GB D5-5600,16GB D5-5600,"16"" WUXGA 180HZ",,,
ANV16S-71-58B0,"ACER NITRO V16S ANV16S-71-58B0 GeForce RTX™ 5060 CORE 5 210H/16GB D5-5600/512GB G4/RTX5060 8GB/16"" WUXGA 180HZ/W11H/HNS24/2YW(1STYITW)/BLACK Gaming Laptop",5199,https://store.pcimage.com.my/product/acer-nitro-v16s-anv16s-71-58b0-core-5-210h-16gb-d5-5600-512gb-g4-rtx5060-8gb-16-wuxga-180hz-w11h-hns24-2yw-1styitw-black,https://cdn1.sgliteasset.com/pcimagee/images/product/product-7483766/cached/lIgYEpsO6a1560da25bef_1779785946_webstore_listing_image1.jpg,PC Image - ACER,,RTX5060,16GB D5-5600,16GB D5-5600,"16"" WUXGA 180HZ",,,
ANV16S-41-R8T2,"ACER NITRO V16S ANV16S-41-R8T2 GeForce RTX™ 5050 R5 240/16GB D5-5600/512GB G4/RTX5050 8GB/16"" WUXGA 180HZ/W11H/HNS24/2YW(1STYITW)/BLACK Gaming Laptop",4499,https://store.pcimage.com.my/product/acer-nitro-v16s-anv16s-41-r8t2-r5-240-16gb-d5-5600-512gb-g4-rtx5050-8gb-16-wuxga-180hz-w11h-hns24-2yw-1styitw-black-gaming-laptop,https://cdn1.sgliteasset.com/pcimagee/images/product/product-7483757/cached/Hc5yBaCl6a1560d4f0e78_1779785941_webstore_listing_image1.jpg,PC Image - ACER,R5 240,RTX5050,16GB D5-5600,16GB D5-5600,"16"" WUXGA 180HZ",,,
PHN16S-71-97UN,"ACER Predator Helios Neo 16S AI PHN16S-71-97UN GeForce RTX™ 5060 8GB (16"" Gaming Laptop Black (U9-275HX, 32GB DDR5, 1TB SSD, 16"" OLED 250HZ, Win11H, 2YW)",7599,https://store.pcimage.com.my/product/acer-predator-helios-neo-16s-ai-phn16s-71-97un-ultra-9-275hx-32gb-d5-5600-1tb-g4-extra-g4-rtx5060-8gb-16-oled-250hz-w11h-2yw-adp-black,https://cdn1.sgliteasset.com/pcimagee/images/product/product-7483740/cached/FVVh5zBg6a1560b009d54_1779785904_webstore_listing_image1.jpg,PC Image - ACER,,,"8GB (16""","8GB (16""","16"" OLED 250HZ",,,
PH16-73-99FA,"ACER PREDATOR HELIOS 16 AI PH16-73-99FA/ULTRA 9 275HX/32GB D5-5600/1TB G4(EXTRA G4 SLOT)/RTX5070TI 12GB/16"" WQXGA 240HZ OLED/W11H/2YW+ADT/ADVANCED OPTIMUS/PER KEY RGB/BLACK",12999,https://store.pcimage.com.my/product/acer-predator-helios-16-ai-ph16-73-99fa-ultra-9-275hx-32gb-d5-5600-1tb-g4-extra-g4-slot-rtx5070ti-12gb-16-wqxga-240hz-oled-w11h-2yw-adt-adva,https://cdn1.sgliteasset.com/pcimagee/images/product/product-7483738/cached/DSuahQr76a1560ae6e083_1779785902_webstore_listing_image1.jpg,PC Image - ACER,,RTX5070TI,32GB D5-5600,32GB D5-5600,"16"" WQXGA 240HZ",,,
PHN16S-71-799J,"ACER Predator Helios NEO PHN16S-71-799J 16"" Gaming Laptop Black (U7 255HX, 16GB DDR5, 1TB SSD, GeForce RTX5070 8GB, 16"" WQXGA 240HZ OLED, Win11H, 2YW)",10699,https://store.pcimage.com.my/product/acer-predator-helios-neo-phn16s-71-799j-ultra-7-255hx-16gb-d5-5600-1tb-g4-extra-g4-slot-rtx5070-8gb-16-wqxga-240hz-oled-w11h-2yw-adp-nvidia-,https://cdn1.sgliteasset.com/pcimagee/images/product/product-7483739/cached/tioonivV6a1560ae77d57_1779785902_webstore_listing_image1.jpg,PC Image Gaming,,RTX5070,"16GB DDR5,","16GB DDR5,","16"" WQXGA 240HZ",,,
PH16-73-93P0,"ACER Predator Helios 16 AI PH16-73-93P0 16"" Gaming Laptop Black (U9 275HX, 32GB DDR5, 2TB SSD, GeForce RTX5090 24GB, 16"" WQXGA 240Hz, Win11H, 2YW)",15999,https://store.pcimage.com.my/product/product-1754984609343acer-predator-helios-16-ai-ph16-73-93p0-core-ultra-9-275hx-32gb-d5-5600-2tb-g4-extra-slot-rtx5090-24gb-16-wqxga-240hz-w,https://cdn1.sgliteasset.com/pcimagee/images/product/product-7483737/cached/q0Yt7dny6a1560ad5c367_1779785901_webstore_listing_image1.jpg,PC Image - ACER,,RTX5090,"32GB DDR5,","32GB DDR5,","16"" WQXGA 240Hz",,,
PHN16S-71-77TF,"ACER Predator Helios NEO 16S AI PHN16S-71-77TF Gaming Laptop Black (U7 255HX, 16GB DDR5, 1TB SSD, GeForce RTX5060 8GB, 16"" OLED 250HZ, Win11H, 2YW)",9699,https://store.pcimage.com.my/product/acer-predator-helios-neo-16s-ai-phn16s-71-77tf-gaming-laptop-black-u7-255hx-16gb-ddr5-1tb-ssd-rtx5060-8gb-16-oled-250hz-win11h-2yw,https://cdn1.sgliteasset.com/pcimagee/images/product/product-7483734/cached/5ZzhDrAh6a1560ab7b914_1779785899_webstore_listing_image1.jpg,PC Image - ACER,,RTX5060,"16GB DDR5,","16GB DDR5,","16"" OLED 250HZ",,,
ANV15-52-7287,"ACER Nitro V 15 ANV15-52-7287 15.6"" Laptop Black (C7-240H, 16GB DDR5, 512GB SSD, GeForce RTX4050 6GB, 15.6"" FHD 165HZ, Win11H, OfficeHome24, 2YW)",5399,https://store.pcimage.com.my/product/acer-nitro-v-15-anv15-52-7287-15-6-laptop-black-c7-240h-16gb-ddr5-512gb-ssd-rtx4050-6gb-15-6-fhd-165hz-win11h-officehome24-2yw,https://cdn1.sgliteasset.com/pcimagee/images/product/product-7483726/cached/WMJhFC7Q6a1560a1b99ef_1779785889_webstore_listing_image1.jpg,PC Image - ACER,,RTX4050,"16GB DDR5,","16GB DDR5,","15.6"" FHD 165HZ",,,
ANV15-52-5914,"ACER Nitro V 15 ANV15-52-5914 15.6"" Gaming Laptop Black (C5-210H, 16GB DDR5, 512GB SSD, GeForce RTX4050 6GB, 15.6"" FHD 165HZ, Win11H, OfficeHome24, 2YW)",4499,https://store.pcimage.com.my/product/acer-nitro-v-15-anv15-52-5914-15-6-gaming-laptop-black-c5-210h-16gb-ddr5-512gb-ssd-rtx4050-6gb-15-6-fhd-165hz-win11h-officehome24-2yw,https://cdn1.sgliteasset.com/pcimagee/images/product/product-7483725/cached/hwhjHqGu6a15609defda4_1779785886_webstore_listing_image1.jpg,PC Image - ACER,,RTX4050,"16GB DDR5,","16GB DDR5,","15.6"" FHD 165HZ",,,
ANV15-52-78XQ,"ACER Nitro V15 ANV15-52-78XQ GeForce RTX™ 5050 15.6"" Gaming Laptop Black (i7-13620H, 16GB DDR4, 512GB SSD, GeForce RTX5050 6GB, 15.6"" FHD 180HZ, Win11H, officeHome24, 2YW)",5799,https://store.pcimage.com.my/product/acer-nitro-v15-anv15-52-78xq-i7-13620h-16gb-d4-3200-512gb-g4-rtx5050-6gb-15-6-fhd-180hz-w11h-home24-2yw-1styitw-amber-backlit-black,https://cdn1.sgliteasset.com/pcimagee/images/product/product-7483720/cached/wV4wbJtY6a156097bd77a_1779785879_webstore_listing_image1.jpg,PC Image - ACER,"i7-13620H,",RTX5050,"16GB DDR4,","16GB DDR4,","15.6"" FHD 180HZ",,,
GU606A-WTB018WP,"ROG Zephyrus G16 OLED ( Ultra 9-386H/64GB/2TB/RTX5080/16"" 2.5K OLED 240HZ/W11H ) GU606A-WTB018WP",28999,https://store.pcimage.com.my/product/rog-zephyrus-g16-oled--ultra-9-386h64gb2tbrtx508016-25k-oled-240hzw11h--gu606a-wtb018w,https://cdn1.sgliteasset.com/pcimagee/images/product/product-7481743/cached/2M3Nnio56a151056f0c29_1779765334_webstore_listing_image1.jpg,PC Image - Asus,,RTX5080,64GB,64GB,16 OLED,,,
GU606A-RTB128W GU606A-RTB128WP,"ROG Zephyrus G16 OLED (ULTRA 9-385H/64GB/2TB/RTX5070TI/16"" 2.5K OLED 240HZ/W11H) GU606A-RTB128W",20599,https://store.pcimage.com.my/product/rog-zephyrus-g16-oled-ultra-9-385h64gb2tbrtx5070ti16-25k-oled-240hzw11h-gu606a-rtb128w,https://cdn1.sgliteasset.com/pcimagee/images/product/product-7466590/cached/q4l34xOe6a141031044e3_1779699761_webstore_listing_image1.jpg,PC Image - Asus,,RTX5070TI,64GB,64GB,16 OLED,,,
GU606A-XTB038WP,"ROG Zephyrus G16 ( ULTRA 9-385H/ 64GB/2TB/RTX5090 24GB/16"" 2.5K OLED 240HZ/W11H) GU606A-XTB038WP",30999,https://store.pcimage.com.my/product/rog-zephyrus-g16--ultra-9-385h-64gb2tbrtx5090-24gb16-25k-oled-240hzw11h-gu606a-xtb038w,https://cdn1.sgliteasset.com/pcimagee/images/product/product-7466405/cached/FBRqbesx6a140fada77c7_1779699629_webstore_listing_image1.jpg,PC Image - Asus,,RTX5090,64GB,64GB,,,,
GU405A-WSY066W/GU405A-WSY066WP,"ROG Zephyrus G14 OLED ( ULTRA 9-385H/64GB/2TB/RTX5080 16GB/14"" 3K OLED 120HZ/W11) GU405A-WSY066W",26999,https://store.pcimage.com.my/product/rog-zephyrus-g14-oled--ultra-9-385h64gb2tbrtx5080-16gb14-3k-oled-120hzw11-gu405a-wsy066w,https://cdn1.sgliteasset.com/pcimagee/images/product/product-7465906/cached/Y1hVdDF36a14004ada470_1779695690_webstore_listing_image1.jpg,PC Image - Asus,,RTX5080,64GB,64GB,14 OLED,,,
GU405A-RSY016WP,"ROG Zephyrus G14 OLED ( Ultra 9 -386H/32GB/1TB/RTX5070TI 12GB/14"" 3K OLED 120HZ/W11H) GU405A-RSY016WP",14599,https://store.pcimage.com.my/product/rog-zephyrus-g14-oled--ultra-9--386h32gb1tbrtx5070ti-12gb14-3k-oled-120hzw11h-gu405a-rsy016w,https://cdn1.sgliteasset.com/pcimagee/images/product/product-7465587/cached/N1whuQHY6a13f9afe76b5_1779693999_webstore_listing_image1.jpg,PC Image - Asus,,RTX5070TI,32GB,32GB,14 OLED,,,
83TN0066MJ,"LENOVO LOQ 15AHP11 83TN0066MJ R7 250/16GB/512GB/RTX5050 8GB/15.3"" WUXGA/W11H/HOME24+AI NOW/LUNA GREY/2YW",6099,https://store.pcimage.com.my/product/lenovo-loq-15ahp11-83tn0066mj-r7-250-16gb-512gb-rtx5050-8gb-15-3-wuxga-w11h-home24-ai-now-luna-grey-2yw,https://cdn1.sgliteasset.com/pcimagee/images/product/product-7411944/cached/ryN3xdXv6a1163c8e6718_1779524553_webstore_listing_image1.jpg,PC Image - Lenovo,R7 250,RTX5050,16GB,16GB,"15.3"" WUXGA",,,
83EY0080MJ,"LENOVO LEGION 9 18IAX10 83EY0080MJ CORE ULTRA 9 290HX PLUS/64GB/2TB/RTX5090 24GB/18"" WQUXGA/W11H/ECLIPSE BLACK/3YW",26999,https://store.pcimage.com.my/product/lenovo-legion-9-18iax10-83ey0080mj-core-ultra-9-290hx-plus-64gb-2tb-rtx5090-24gb-18-wquxga-w11h-eclipse-black-3yw,https://cdn1.sgliteasset.com/pcimagee/images/product/product-7411943/cached/7ObUJRAa6a1163c76c6cb_1779524551_webstore_listing_image1.jpg,PC Image - Lenovo,,RTX5090,64GB,64GB,,,,
83TN0065MJ,"LENOVO LOQ 15AHP11 83TN0065MJ R7 250/16GB/512GB/RTX5060 8GB/15.3"" WUXGA/W11H/HOME24+AI NOW/LUNA GREY/2YW",6499,https://store.pcimage.com.my/product/lenovo-loq-15ahp11-83tn0065mj-r7-250-16gb-512gb-rtx5060-8gb-15-3-wuxga-w11h-home24-ai-now-luna-grey-2yw,https://cdn1.sgliteasset.com/pcimagee/images/product/product-7411942/cached/N0U038IC6a1163c75bef8_1779524551_webstore_listing_image1.jpg,PC Image - Lenovo,R7 250,RTX5060,16GB,16GB,"15.3"" WUXGA",,,
83Q6005YMJ,"LENOVO LEGION 5 15AGP11 83Q6005YMJ R7 450 AI/16GB/512GB/RTX5050 8GB/15.3"" WQXGA OLED/W11H/GLACIWE WHITE/2YW",7799,https://store.pcimage.com.my/product/lenovo-legion-5-15agp11-83q6005ymj-r7-450-ai-16gb-512gb-rtx5050-8gb-15-3-wqxga-oled-w11h-glaciwe-white-2yw,https://cdn1.sgliteasset.com/pcimagee/images/product/product-7411938/cached/xlD77Mxu6a1163c1a9367_1779524545_webstore_listing_image1.jpg,PC Image - Lenovo,R7 450,RTX5050,16GB,16GB,"15.3"" WQXGA",,,
83DV01JTMJ,"LENOVO LOQ 15IRX9 83DV01JTMJ I5-13450HX/16GB/512GB/RTX3050 6GB/15.6"" FHD/W11H/LUNA GREY/2YW",4499,https://store.pcimage.com.my/product/lenovo-loq-15irx9-83dv01jtmj-i5-13450hx-16gb-512gb-rtx3050-6gb-15-6-fhd-w11h-luna-grey-2yw,https://cdn1.sgliteasset.com/pcimagee/images/product/product-7411931/cached/fU0aCFMj6a1163bf1fe97_1779524543_webstore_listing_image1.jpg,PC Image - Lenovo,I5-13450HX,RTX3050,16GB,16GB,"15.6"" FHD",,,
83Q6005XMJ,"LENOVO LEGION 5 15AGP11 83Q6005XMJ R7 450 AI/16GB/512G4/RTX5060 8GB/15.3"" WQXGA OLED/W11H/GLACIWE WHITE/2YW",7999,https://store.pcimage.com.my/product/lenovo-legion-5-15agp11-83q6005xmj-r7-450-ai-16gb-512g4-rtx5060-8gb-15-3-wqxga-oled-w11h-glaciwe-white-2yw,https://cdn1.sgliteasset.com/pcimagee/images/product/product-7411929/cached/D7GnUo1N6a1163beaa88e_1779524542_webstore_listing_image1.jpg,PC Image - Lenovo,R7 450,RTX5060,16GB,16GB,"15.3"" WQXGA",,,
83F500PXMJ,"LENOVO LEGION PRO 7 16IAX10H 83F500PXMJ CORE ULTRA 9 290HX PLUS/16GB*2 D5-6400/1TB G4/RTX5070 TI 12GB/16"" WQXGA OLED/W11H/ECLIPSE BLACK/3YW",14599,https://store.pcimage.com.my/product/lenovo-legion-pro-7-16iax10h-83f500pxmj-core-ultra-9-290hx-plus-16gb-2-d5-6400-1tb-g4-rtx5070-ti-12gb-16-wqxga-oled-w11h-eclipse-black-3yw,https://cdn1.sgliteasset.com/pcimagee/images/product/product-7411928/cached/57LxmCI26a1163beaa76a_1779524542_webstore_listing_image1.jpg,PC Image - Lenovo,,RTX5070,16GB*2,16GB*2,"16"" WQXGA",,,
83RW001XMJ,"LENOVO LEGION 5 15IPH11 83RW001XMJ CORE ULTRA 7 356H/16GB D5-5600/1TB G4/RTX5060 8GB/15.3"" WQXGA/W11H/ECLIPSE BLACK/2YW",7699,https://store.pcimage.com.my/product/lenovo-legion-5-15iph11-83rw001xmj-core-ultra-7-356h-16gb-d5-5600-1tb-g4-rtx5060-8gb-15-3-wqxga-w11h-eclipse-black-2yw,https://cdn1.sgliteasset.com/pcimagee/images/product/product-7411915/cached/tdLETtOI6a1163b1be25d_1779524529_webstore_listing_image1.jpg,PC Image - Lenovo,,RTX5060,16GB D5-5600,16GB D5-5600,"15.3"" WQXGA",,,
83Q7002UMJ,"LENOVO LEGION 5 15AHP11 83Q7002UMJ R7 250/16GB D5-5600/512GB G4/RTX5060 8GB/15.3"" WQXGA OLED/W11H+AI NOW/ECLIPSE BLACK/2YW",6199,https://store.pcimage.com.my/product/lenovo-legion-5-15ahp11-83q7002umj-r7-250-16gb-d5-5600-512gb-g4-rtx5060-8gb-15-3-wqxga-oled-w11h-ai-now-eclipse-black-2yw,https://cdn1.sgliteasset.com/pcimagee/images/product/product-7411913/cached/kBy78dRm6a1163af93a9b_1779524527_webstore_listing_image1.jpg,PC Image - Lenovo,R7 250,RTX5060,16GB D5-5600,16GB D5-5600,"15.3"" WQXGA",,,
83S000CCMJ,"LENOVO LOQ 15ARP10E 83S000CCMJ R7-7735HS/16GB D5-4800/512GB G4/RTX3050 6GB/15.6"" FHD/W11H/HOME24/LUNA GREY/2YW",3899,https://store.pcimage.com.my/product/lenovo-loq-15arp10e-83s000ccmj-r7-7735hs-16gb-d5-4800-512gb-g4-rtx3050-6gb-15-6-fhd-w11h-home24-luna-grey-2yw,https://cdn1.sgliteasset.com/pcimagee/images/product/product-7411895/cached/amHDgF5u6a1163a17856f_1779524513_webstore_listing_image1.jpg,PC Image - Lenovo,,RTX3050,16GB D5-4800,16GB D5-4800,"15.6"" FHD",,,
83F0008RMJ,"LENOVO LEGION 5 15IAX10 83F0008RMJ CORE ULTRA 7 255HX/16GB D5/1TB G4/RTX5060 8GB GDDR7/15.1"" WQXGA/LENOVO AI NOW/W11H/ECLIPSE BLACK/2YW",7599,https://store.pcimage.com.my/product/lenovo-legion-5-15iax10-83f0008rmj-core-ultra-7-255hx-16gb-d5-1tb-g4-rtx5060-8gb-gddr7-15-1-wqxga-lenovo-ai-now-w11h-eclipse-black-2yw,https://cdn1.sgliteasset.com/pcimagee/images/product/product-7411874/cached/rmlrr8mw6a11639516f4d_1779524501_webstore_listing_image1.jpg,PC Image - Lenovo,,RTX5060,16GB D5,16GB D5,"15.1"" WQXGA",,,
83F0008QMJ,"LENOVO LEGION 5 15IAX10 83F0008QMJ CORE ULTRA 9 275HX/2*16GB D5-5600/1TB G4/RTX5070 8GB/15.1"" WQXGA/LENOVO AI NOW/W11H/ECLIPSE BLACK/2YW",8999,https://store.pcimage.com.my/product/lenovo-legion-5-15iax10-83f0008qmj-core-ultra-9-275hx-2-16gb-d5-5600-1tb-g4-rtx5070-8gb-15-1-wqxga-lenovo-ai-now-w11h-eclipse-black-2yw,https://cdn1.sgliteasset.com/pcimagee/images/product/product-7411873/cached/US10KTki6a1163949a06a_1779524500_webstore_listing_image1.jpg,PC Image - Lenovo,,RTX5070,16GB D5-5600,16GB D5-5600,"15.1"" WQXGA",,,
83LK00C2MJ,"LENOVO LOQ 15IAX9E-83LK00C2MJ 15.6"" Laptop Luna Grey (i5-12450HX, 16GB DDR5-4800, 512GB SSD, RTX3050 6GB, 15.6"" FHD IPS, Win11, OfficeHome24, 2YW)",3699,https://store.pcimage.com.my/product/lenovo-loq-15iax9e-83lk00c2mj-i5-12450hx-16gb-d5-4800-512gb-g4-rtx3050-6gb-15-6-fhd-w11-home24-2yw-white-backlit-luna-grey,https://cdn1.sgliteasset.com/pcimagee/images/product/product-7411866/cached/mMjsClOz6a11639295a51_1779524498_webstore_listing_image1.jpg,PC Image - Lenovo,"i5-12450HX,",RTX3050,"16GB DDR5-4800,","16GB DDR5-4800,","15.6"" FHD",,,
83F500JEMJ,"LENOVO LEGION PRO 7 16IAX10H 83F500JEMJ/CORE ULTRA 9 275HX/2*16GB DDR5/1TB SSD/RTX5070TI 12GB/16"" WQXGA OLED 240HZ/W11H/ECLIPSE BLACK/3YW",14599,https://store.pcimage.com.my/product/lenovo-legion-pro-7-16iax10h-83f500jemj-core-ultra-9-275hx-2-16gb-d5-6400-1tb-ssd-g4-rtx5070ti-12gb-16-wqxga-oled-240hz-w11h-ai-now-per-key-,https://cdn1.sgliteasset.com/pcimagee/images/product/product-7411859/cached/suZ4NHij6a11638f99422_1779524495_webstore_listing_image1.jpg,PC Image - Lenovo,,RTX5070TI,16GB DDR5,16GB DDR5,"16"" WQXGA",,,
83SC004UMJ,"LENOVO LOQ ESSENTIAL 15IRX11 83SC004UMJ/I5-13450HX/16GB DDR5/512GB G4/RTX5050 8GB/15.6"" FHD/W11H/WHITE BACKLIT/LUNA GREY/2YW",4799,https://store.pcimage.com.my/product/lenovo-loq-essential-15irx11-83sc004umj-i5-13450hx-16gb-ddr5-512gb-g4-rtx5050-8gb-15-6-fhd-w11h-white-backlit-luna-grey-2yw,https://cdn1.sgliteasset.com/pcimagee/images/product/product-7411839/cached/InsVxNIQ6a11637f04d57_1779524479_webstore_listing_image1.jpg,PC Image - Lenovo,I5-13450HX,RTX5050,16GB DDR5,16GB DDR5,"15.6"" FHD",,,
83S00044MJ,"LENOVO LOQ 15ARP10E 83S00044MJ /R7-7735HS/16GB/512GB /RTX4050 6GB/15.6"" FHD/W11H/HOME24/LUNA GREY/2YW",4499,https://store.pcimage.com.my/product/lenovo-loq-15arp10e-83s00044mj-r7-7735hs-16gb-512gb-rtx4050-6gb-15-6-fhd-w11h-home24-luna-grey-2yw,https://cdn1.sgliteasset.com/pcimagee/images/product/product-7411838/cached/AQ4aY9UI6a11637a4f689_1779524474_webstore_listing_image1.jpg,PC Image - Lenovo,,RTX4050,16GB,16GB,"15.6"" FHD",,,
83DV019GMJ,"LENOVO LOQ 15IRX9 83DV019GMJ 15.6"" Gaming Laptop (i7-13650HX, 16GB DDR5, 512GB SSD, RTX4050 6GB, 15.6"" FHD 144HZ, Win11H, OfficeHome24, 2YW, Luna Grey)",4999,https://store.pcimage.com.my/product/lenovo-loq-15irx9-83dv019gmj-i7-13650hx-16gb-d5-4800-512gb-g4-extra-g4-rtx4050-6gb-15-6-fhd-144hz-w11h-home24-2yw-white-backlit-luna-grey,https://cdn1.sgliteasset.com/pcimagee/images/product/product-7411828/cached/aaQlfw7J6a1163725a3ac_1779524466_webstore_listing_image1.jpg,PC Image - Lenovo,"i7-13650HX,",RTX4050,"16GB DDR5,","16GB DDR5,","15.6"" FHD 144HZ",,,
83DV01BTMJ,"Lenovo LOQ 15IRX9 83DV01BTMJ 15.6'' FHD IPS 144Hz Gaming Laptop Luna Grey (i5-13450HX, 16GB, 512GB SSD, RTX4050 6GB, Win11H)",4499,https://store.pcimage.com.my/product/lenovo-loq-15irx9-83dv01btmj-15-6-fhd-ips-144hz-gaming-laptop-luna-grey-i5-13450hx-16gb-512gb-ssd-rtx4050-6gb-w11-hs,https://cdn1.sgliteasset.com/pcimagee/images/product/product-7411826/cached/BeWNI8VU6a1163714279c_1779524465_webstore_listing_image1.jpg,PC Image - Lenovo,"i5-13450HX,",RTX4050,"16GB,","16GB,",,,,
83F1004MMJ,"LENOVO LEGION 5 15AKP10 83F1004MMJ AI R7-350/2*16GB D5-5600/1TB G4(EXTRA SLOT)/RTX5060 8GB/15.1"" WQXGA OLED 165HZ/W11/LENOVO AI NOW/2YWUS/24-ZONE RGB BACKLIT/ECLIPSE BLACK GAMING LAPTOP",7399,https://store.pcimage.com.my/product/lenovo-legion-5-15akp10-83f1004mmj-ai-r7-350-2-16gb-d5-5600-1tb-g4-extra-slot-rtx5060-8gb-15-1-wqxga-oled-165hz-w11-lenovo-ai-now-2ywus-24-z,https://cdn1.sgliteasset.com/pcimagee/images/product/product-7411817/cached/Rt6VFDKC6a116360cb0f2_1779524448_webstore_listing_image1.jpg,PC Image - Lenovo,,RTX5060,16GB D5-5600,16GB D5-5600,"15.1"" WQXGA",,,
83JE00TQMJ,"LENOVO LOQ 15IRX10 83JE00TQMJ/I7-14700HX/16GB D5-5600/512GB G4(EXTRA G4)/RTX5050 8GB/15.6"" FHD 144HZ/W11H/HOME24+AI NOW/2YWPC/24-ZONE RGB BACKLIT/LUNA GREY GAMING LAPTOP",5699,https://store.pcimage.com.my/product/lenovo-loq-15irx10-83je00tqmj-i7-14700hx-16gb-d5-5600-512gb-g4-extra-g4-rtx5050-8gb-15-6-fhd-144hz-w11h-home24-ai-now-2ywpc-24-zone-rgb-back,https://cdn1.sgliteasset.com/pcimagee/images/product/product-7411816/cached/A2f6sIOM6a1163605728b_1779524448_webstore_listing_image1.jpg,PC Image - Lenovo,I7-14700HX,RTX5050,16GB D5-5600,16GB D5-5600,"15.6"" FHD 144HZ",,,
83F1004LMJ,"LENOVO LEGION 5 15AKP10 83F1004LMJ AI R7-350/2*16GB D5-5600/1TB G4(EXTRA SLOT)/RTX5070 8GB/15.1"" WQXGA OLED 165HZ/W11/LENOVO AI NOW/2YWUS/24-ZONE RGB BACKLIT/ECLIPSE BLACK GAMING LAPTOP",7999,https://store.pcimage.com.my/product/lenovo-legion-5-15akp10-83f1004lmj-ai-r7-350-2-16gb-d5-5600-1tb-g4-extra-slot-rtx5070-8gb-15-1-wqxga-oled-165hz-w11-lenovo-ai-now-2ywus-24-z,https://cdn1.sgliteasset.com/pcimagee/images/product/product-7411813/cached/V03eEElS6a11635f078bd_1779524447_webstore_listing_image1.jpg,PC Image - Lenovo,,RTX5070,16GB D5-5600,16GB D5-5600,"15.1"" WQXGA",,,
83JH008VMJ,"LENOVO LOQ 17IRX10 83JH008VMJ I7-14700HX/16GB D5-5600/512GB G4(EXTRA G4)/RTX5060 8GB/17.3"" FHD 165HZ/W11H/2YWPC/24 ZONE RGB BACKLIT/LUNA GREY GAMING LAPTOP",6299,https://store.pcimage.com.my/product/lenovo-loq-17irx10-83jh008vmj-i7-14700hx-16gb-d5-5600-512gb-g4-extra-g4-rtx5060-8gb-17-3-fhd-165hz-w11h-2ywpc-24-zone-rgb-backlit-luna-grey-,https://cdn1.sgliteasset.com/pcimagee/images/product/product-7411801/cached/1HGPHlfc6a11634f1001e_1779524431_webstore_listing_image1.jpg,PC Image - Lenovo,I7-14700HX,RTX5060,16GB D5-5600,16GB D5-5600,"17.3"" FHD 165HZ",,,
83JE00W3MJ,"LENOVO LOQ 15IRX10 83JE00W3MJ/I7-14700HX/16GB D5-5600/512GB G4/RTX5060 8GB/15.6"" FHD/W11H/HOME24/2YWPC/24-ZONE RGB/LUNA GREY GAMING LAPTOP",6099,https://store.pcimage.com.my/product/lenovo-loq-15irx10-83je00w3mj-i7-14700hx-16gb-d5-5600-512gb-g4-rtx5060-8gb-15-6-fhd-w11h-home24-2ywpc-24-zone-rgb-luna-grey-gaming-laptop,https://cdn1.sgliteasset.com/pcimagee/images/product/product-7411798/cached/JOKa6XOs6a11634d8c8ef_1779524429_webstore_listing_image1.jpg,PC Image - Lenovo,I7-14700HX,RTX5060,16GB D5-5600,16GB D5-5600,"15.6"" FHD",,,
83LY004DMJ,"LENOVO Legion 5 15IRX10-83LY004DMJ 15.1"" Gaming Laptop Eclipse Black (i7-14700HX, 16GB DDR5, 1TB SSD, GeForce RTX5060 8GB, 15.1"" WQXGA OLED, Win11H, 2YW)",7199,https://store.pcimage.com.my/product/lenovo-legion-5-15irx10-83ly004dmj-15-1-gaming-laptop-eclipse-black-i7-14700hx-16gb-ddr5-1tb-ssd-geforce-rtx5060-8gb-15-1-wqxga-oled-win11h-,https://cdn1.sgliteasset.com/pcimagee/images/product/product-7411795/cached/nlsOKnNr6a11634a561cb_1779524426_webstore_listing_image1.jpg,PC Image - Lenovo,"i7-14700HX,",RTX5060,"16GB DDR5,","16GB DDR5,","15.1"" WQXGA",,,
83F5004VMJ,"LENOVO Legion Pro 7 16IAX10H-83F5004VMJ 16"" Gaming Laptop Eclipse Black (U9 275HX, 32GB DDR5, 1TB SSD, GeForce RTX5080 16GB, 16"" WQXGA OLED, Win11H, 3YW)",15999,https://store.pcimage.com.my/product/lenovo-legion-pro-7-16iax10h-83f5004vmj-16-gaming-laptop-eclipse-black-u9-275hx-32gb-ddr5-1tb-ssd-rtx5080-16gb-16-wqxga-oled-win11h-3yw,https://cdn1.sgliteasset.com/pcimagee/images/product/product-7411777/cached/cR3CLKd76a11633a2495e_1779524410_webstore_listing_image1.jpg,PC Image - Lenovo,,RTX5080,"32GB DDR5,","32GB DDR5,","16"" WQXGA",,,
83JC00HSMJ,"LENOVO LOQ 15ARP9-83JC00HSMJ 15.6"" Laptop Luna Grey (R5-7235HS, 12GB DDR5, 512GB SSD, RTX3050 6GB, 15.6"" FHD IPS, Win11H, OfficeHome24, 2YW)",3299,https://store.pcimage.com.my/product/lenovo-loq-15arp9-83jc00hsmj-15-6-laptop-luna-grey-r5-7235hs-12gb-ddr5-512gb-ssd-rtx3050-6gb-15-6-fhd-ips-win11h-officehome24-2yw,https://cdn1.sgliteasset.com/pcimagee/images/product/product-7411778/cached/9V4POXTa6a11633a3514c_1779524410_webstore_listing_image1.jpg,PC Image - Lenovo,,RTX3050,"12GB DDR5,","12GB DDR5,","15.6"" FHD",,,
83F3002PMJ,"LENOVO Legion Pro 5I 16IAX10-83F3002PMJ 16"" Gaming Laptop Eclipse Black (U9-275HX, 32GB DDR5, 1TB SSD, GeForce RTX5070 8GB, 16"" WQXGA OLED, Win11H, 2YW)",9799,https://store.pcimage.com.my/product/lenovo-legion-pro-5i-16iax10-83f3002pmj-16-gaming-laptop-eclipse-black-u9-275hx-32gb-ddr5-1tb-ssd-geforce-rtx5070-8gb-16-wqxga-oled-win11h-2,https://cdn1.sgliteasset.com/pcimagee/images/product/product-7411761/cached/N2adtPWX6a11632b2f573_1779524395_webstore_listing_image1.jpg,PC Image - Lenovo,,RTX5070,"32GB DDR5,","32GB DDR5,","16"" WQXGA",,,
83F3002QMJ,"LENOVO Legion Pro 5I 16IAX10-83F3002QMJ NVIDIA® GeForce RTX™ 5060 8GB/16""Gaming Laptop Eclipse Black (U7-255HX, 16GB DDR5, 1TB SSD, GeForce RTX5060 8GB, 16"" WQXGA OLED, Win11H, 2YW)",8399,https://store.pcimage.com.my/product/lenovo-legion-pro-5i-16iax10-83f3002qmj-16-gaming-laptop-eclipse-black-u7-255hx-16gb-ddr5-1tb-ssd-rtx5060-8gb-16-wqxga-oled-win11h-2yw,https://cdn1.sgliteasset.com/pcimagee/images/product/product-7411762/cached/Li4PkL2U6a11632b9d4c2_1779524395_webstore_listing_image1.jpg,PC Image - Lenovo,,RTX5060,8GB,8GB,"16"" WQXGA",,,
83LY004EMJ,"LENOVO Legion 5 15IRX10-83LY004EMJ GeForce RTX™ 5070 8GB 15.1"" Laptop Eclipse Black (i9-14900HX, 32GB DDR5, 1TB SSD, 15.1"" WQXGA OLED, Win11H, 2YW)",8599,https://store.pcimage.com.my/product/lenovo-legion-5-15irx10-83ly004emj-15-1-laptop-eclipse-black-i9-14900hx-32gb-ddr5-1tb-ssd-rtx5070-8gb-15-1-wqxga-oled-win11h-2yw,https://cdn1.sgliteasset.com/pcimagee/images/product/product-7411755/cached/FwDI1YDN6a116326ee17c_1779524391_webstore_listing_image1.jpg,PC Image - Lenovo,"i9-14900HX,",,"8GB 15.1""","8GB 15.1""","15.1"" WQXGA",,,
83F5004PMJ,"LENOVO Legion 7 16IAX10H-83F5004PMJ /16"" WQXGA OLED Laptop Eclipse Black (U9-275HX, 32GB DDR5/1TB SSD/NVIDIA® GeForce RTX™ 5070 Ti/Win11H/3YW)",13999,https://store.pcimage.com.my/product/lenovo-legion-7-16iax10h-83f5004pmj-16-laptop-eclipse-black-u9-275hx-32gb-ddr5-1tb-ssd-geforce-rtx5070ti-12gb-16-wqxga-oled-win11h-3yw,https://cdn1.sgliteasset.com/pcimagee/images/product/product-7411754/cached/krZzkyqE6a116325c4efe_1779524389_webstore_listing_image1.jpg,PC Image - Lenovo,,,32GB DDR5,32GB DDR5,"16"" WQXGA",,,
15-FA2547TX/48TX/49TX,"HP VICTUS   15-FA2547/48/49TX INTEL CORE i5-13420H/16GB D5/512GB G4/RTX3050 6GB/15.6"" FHD 144HZ/W11H/HOME24/2YW",3799,https://store.pcimage.com.my/product/hp-victus-gaming-15-fa2547tx-i5-13420h-16gb-d5-5200-extra-slot-512gb-g4-rtx3050-6gb-15-6-fhd-144hz-w11h-home24-2yw,https://cdn1.sgliteasset.com/pcimagee/images/product/product-7408228/cached/IqQo1fPA6a113af18715d_1779514097_webstore_listing_image1.jpg,PC Image - HP,INTEL CORE i5-13420H,RTX3050,16GB D5,16GB D5,"15.6"" FHD 144HZ",,,
16-AM0166TX,"HP OMEN GeForce RTX 5050 16-AM0166TX Intel Core I7-14650HX/16GB D51TB/ 8GB/16"" 2K IPS 144HZ/W11H/BLACK/2YW",6999,https://store.pcimage.com.my/product/hp-omen-gaming-16-am0166tx-intel-core-i7-14650hx-16gb-d51tb-rtx5050-8gb-16-2k-ips-144hz-w11h-black-2yw,https://cdn1.sgliteasset.com/pcimagee/images/product/product-7408177/cached/x1hq2lzv6a19537a449f3_1780044666_webstore_listing_image1.jpg,PC Image - HP,Intel Core I7-14650HX,RTX 5050,16GB D51TB,16GB D51TB,,,,
15-GA0047TX,"HP HYPERX OMEN GeForce RTX 5060 8GB 15-GA0047TX ( Intel® Core™ i7-14650HX/16GB D5/1TB/15.3"" WQXGA 180HZ/W11H/HOME24/BLACK )",6199,https://store.pcimage.com.my/product/hp-hyperx-omen-15-ga0047tx-intel-core-i7-14650hx-16gb-d5-1tb-rtx5060-8gb-15-3-wqxga-180hz-w11h-home24-black-2yw,https://cdn1.sgliteasset.com/pcimagee/images/product/product-7408170/cached/8WPPbCab6a194f636a503_1780043619_webstore_listing_image1.jpg,PC Image - HP,i7-14650HX,RTX 5060,8GB 15-GA0047TX,8GB 15-GA0047TX,"15.3"" WQXGA 180HZ",,,
16-AP0057AX/58AX,"HP OMEN GAMING 16-AP0057AX/58AX/RYZEN AI 7 350/16GB D5/512GB G4/RTX5070 8GB/16"" 2K IPS 144HZ/W11H/HOME24/WHITE/BLACK/2YW+ADP",7499,https://store.pcimage.com.my/product/hp-omen-gaming-16-ap0057ax-58ax-ryzen-ai-7-350-16gb-d5-512gb-g4-rtx5070-8gb-16-2k-ips-144hz-w11h-home24-white-black-2yw-adp,https://cdn1.sgliteasset.com/pcimagee/images/product/product-7408132/cached/LsQkMmc16a113ab6ba3e7_1779514038_webstore_listing_image1.jpg,PC Image - HP,,RTX5070,16GB D5,16GB D5,,,,
16-AP0059AX,"HP OMEN GeForce RTX 5070 8GB 16-AP0059AX/RYZEN AI 9 365/2*16GB D5/1TB G4/16"" 2K IPS 144HZ/W11H/HOME24/WHITE/2YW+ADP",7999,https://store.pcimage.com.my/product/hp-omen-gaming-16-ap0059ax-ryzen-ai-9-365-2-16gb-d5-1tb-g4-rtx5070-8gb-16-2k-ips-144hz-w11h-home24-white-2yw-adp,https://cdn1.sgliteasset.com/pcimagee/images/product/product-7408130/cached/QRfixtHD6a113ab21386a_1779514034_webstore_listing_image1.jpg,PC Image - HP,,RTX 5070,8GB 16-AP0059AX,8GB 16-AP0059AX,,,,
15-FB3220AX,"HP VICTUS   15-FB3220AX/AMD R5-7535HS/8GB D5-560/512GB G4/RTX3050 6GB/15.6"" FHD 144HZ/W11H/HOME24/MICA SILVER/2YW+ADP",3399,https://store.pcimage.com.my/product/hp-victus-gaming-15-fb3220ax-amd-r5-7535hs-8gb-d5-560-512gb-g4-rtx3050-6gb-15-6-fhd-144hz-w11h-home24-mica-silver-2yw-adp,https://cdn1.sgliteasset.com/pcimagee/images/product/product-7408112/cached/bhpSvsTK6a113aa911459_1779514025_webstore_listing_image1.jpg,PC Image - HP,,RTX3050,8GB D5-560,8GB D5-560,"15.6"" FHD 144HZ",,,
83JG00AVMJ,"LENOVO LOQ 15AHP10 83JG00AVMJ /R7/16GB/512GB/RTX5060 8GB/15.6"" FHD/W11H/HOME24+AI NOW/LUNA GREY/2YW",5699,https://store.pcimage.com.my/product/lenovo-loq-15ahp10-83jg00avmj-r7-16gb-512gb-rtx5060-8gb-15-6-fhd-w11h-home24-ai-now-luna-grey-2yw,https://cdn1.sgliteasset.com/pcimagee/images/product/product-7408111/cached/FiZCjv4S6a113aa72f0ba_1779514023_webstore_listing_image1.jpg,PC Image - Lenovo,,RTX5060,16GB,16GB,"15.6"" FHD",,,
16-AP0157AX,"HP OMEN GeForce RTX 5060 8GB 16-AP0157AX/R9-8940HX/2*16GB D5/1TB G4/16"" 2K IPS 144HZ/W11H/HOME24/BLACK/2YW+ADP",6599,https://store.pcimage.com.my/product/hp-omen-gaming-16-ap0157ax-r9-8940hx-2-16gb-d5-1tb-g4-rtx5060-8gb-16-2k-ips-144hz-w11h-home24-black-2yw-adp,https://cdn1.sgliteasset.com/pcimagee/images/product/product-7408107/cached/bikuPMSJ6a195442a4021_1780044866_webstore_listing_image1.jpg,PC Image - HP,,RTX 5060,8GB 16-AP0157AX,8GB 16-AP0157AX,,,,
15-FA2446TX/15-FA2447TX,"HP VICTUS   15-FA2446TX/47TX CORE 5-210H/16GB D4-3200(EXTRA SLOT)/512GB G4/RTX4050 6GB/15.6"" FHD 144HZ/W11H/HOME24/POWDER PINK/BLUE/2YW+ADP",4299,https://store.pcimage.com.my/product/hp-victus-gaming-15-fa2446tx-47tx-core-5-210h-16gb-d4-3200-extra-slot-512gb-g4-rtx4050-6gb-15-6-fhd-144hz-w11h-home24-powder-pink-blue-2yw-a,https://cdn1.sgliteasset.com/pcimagee/images/product/product-7408108/cached/Sm4Pn8zE6a113aa6861b2_1779514022_webstore_listing_image1.jpg,PC Image - HP,,RTX4050,16GB D4-3200(EXTRA,16GB D4-3200(EXTRA,"15.6"" FHD 144HZ",,,
16-AM0193TX/16-AM0194TX,"HP OMEN 16-AM0193TX/94TX/ULTRA 7-255H/GeForce RTX™ 5070 8GB/16GB D5/1TB G4/16"" 2.5K IPS 240HZ/W11H/WHITE/BLACK/2YW+ADP",8199,https://store.pcimage.com.my/product/hp-omen-gaming-16-am0193tx-94tx-ultra-7-255h-16gb-d5-1tb-g4-rtx5070-8gb-16-2-5k-ips-240hz-w11h-home24-white-black-2yw-adp,https://cdn1.sgliteasset.com/pcimagee/images/product/product-7408095/cached/XgTRSP9S6a56fcf0434cc_1784085744_webstore_listing_image1.jpg,PC Image - HP,,,8GB,8GB,,,,
15-FB3229AX/15-FB3230AX,"HP VICTUS   15-FB3229AX/15-FB3230AX  R7-7445HS/8GB D5-5600/512GB G4/RTX3050 6GB/15.6"" FHD 144HZ/W11H/HOME24/2YW",3599,https://store.pcimage.com.my/product/hp-victus-gaming-15-fb3229ax-15-fb3230ax-r7-7445hs-8gb-d5-5600-512gb-g4-rtx3050-6gb-15-6-fhd-144hz-w11h-home24-blue-mica-silver-2yw,https://cdn1.sgliteasset.com/pcimagee/images/product/product-7408077/cached/ZonE1TQI6a113a96b9034_1779514006_webstore_listing_image1.jpg,PC Image - HP,,RTX3050,8GB D5-5600,8GB D5-5600,"15.6"" FHD 144HZ",,,
15-FB3257AX/15-FB3258AX,"HP VICTUS   15-FB3257AX/15-FB3258AX R7-7445HS/16GB D5-5600/512GB G4/RTX3050 6GB/15.6"" FHD 144HZ/W11H/HOME24/2YW",3799,https://store.pcimage.com.my/product/hp-victus-gaming-15-fb3257ax-15-fb3258ax-r7-7445hs-16gb-d5-5600-512gb-g4-rtx3050-6gb-15-6-fhd-144hz-w11h-home24-blue-mica-silver-2yw,https://cdn1.sgliteasset.com/pcimagee/images/product/product-7408068/cached/1dClfGUS6a113a8db9e78_1779513997_webstore_listing_image1.jpg,PC Image - HP,,RTX3050,16GB D5-5600,16GB D5-5600,"15.6"" FHD 144HZ",,,
16-AP0209AX,"HP OMEN RTX 5060 8GB 16-AP0209AX( R9-8940HX/32GB DDR5 5600MT/S (16+16)/1TB SSD/16"" 2K 144HZ IPS/OPI/MS24+1YR M365/W11 )",6599,https://store.pcimage.com.my/product/hp-omen-gaming-16-ap0209ax-amd-r9-8940hx-32gb-ddr5-5600mt-s-16-16-1tb-ssd-rtx5060-8gb-16-2k-144hz-ips-opi-ms24-1yr-m365-w11-2yw,https://cdn1.sgliteasset.com/pcimagee/images/product/product-7408062/cached/R9nh9NUC6a194fb4be7a1_1780043700_webstore_listing_image1.jpg,PC Image - HP,R5 5600MT,RTX 5060,8GB 16-AP0209AX(,8GB 16-AP0209AX(,,,,
15-FB3255AX/15-FB3256AX,"HP VICTUS   15-FB3255AX/56AX R7-7445HS/16GB D5-5600/512GB G4/RTX4050 6GB/15.6"" FHD 144HZ/W11H/HOME24/BLUE/SILVER/2YW",3999,https://store.pcimage.com.my/product/hp-victus-gaming-15-fb3255ax-15-fb3256ax-r7-7445hs-16gb-d5-5600-extra-slot-512gb-g4-rtx4050-6gb-15-6-fhd-144hz-w11h-home24-blue-silver-2yw,https://cdn1.sgliteasset.com/pcimagee/images/product/product-7408059/cached/0uJ2oyfW6a113a8863bb8_1779513992_webstore_listing_image1.jpg,PC Image - HP,,RTX4050,16GB D5-5600,16GB D5-5600,"15.6"" FHD 144HZ",,,
16-AM0371TX,"HP OMEN GeForce RTX 5050 8GB 16-AM0371TX/ULTRA 7-255H/24GB D5/512GB G4/16"" 2K IPS 144HZ/W11H/HOME24/BLACK/2YW+ADP",5999,https://store.pcimage.com.my/product/hp-omen-gaming-16-am0371tx-ultra-7-255h-24gb-d5-512gb-g4-rtx5050-8gb-16-2k-ips-144hz-w11h-home24-black-2yw-adp,https://cdn1.sgliteasset.com/pcimagee/images/product/product-7408057/cached/1N36Mt3S6a113a8439c91_1779513988_webstore_listing_image1.jpg,PC Image - HP,,RTX 5050,8GB 16-AM0371TX,8GB 16-AM0371TX,,,,
16-AM0365TX,"HP OMEN GeForce RTX 5060 8GB 16-AM0365TX/ULTRA 7-255H/24GB D5/512GB G4/16"" 2K IPS 144HZ/W11H/HOME24/BLACK/2YW+ADP",5899,https://store.pcimage.com.my/product/hp-omen-gaming-16-am0365tx-ultra-7-255h-24gb-d5-512gb-g4-rtx5060-8gb-16-2k-ips-144hz-w11h-home24-black-2yw-adp,https://cdn1.sgliteasset.com/pcimagee/images/product/product-7408056/cached/XCo59YBN6a113a83c42c1_1779513987_webstore_listing_image1.jpg,PC Image - HP,,RTX 5060,8GB 16-AM0365TX,8GB 16-AM0365TX,,,,
14-FB004,"HP OMEN  (14-FB0045TX/14-FB0046TX/Ceramic White/Shadow black)   Laptop ULTRA 7-155H/16GB DDR5 OB/1TB/RTX 4060 8GB/14"" 2.8K OLED/W11H/HNS/2YR+ADP",7999,https://store.pcimage.com.my/product/hp-omen-14-fb0045tx-14-fb0046tx-ceramic-white-shadow-black-gaming-laptop-ultra-7-155h-16gb-ddr5-ob-1tb-rtx-4060-8gb-14-2-8k-oled-w11h-hns-2y,https://cdn1.sgliteasset.com/pcimagee/images/product/product-7408053/cached/a8sVlsZU6a113a81cab1a_1779513985_webstore_listing_image1.jpg,PC Image - HP,,RTX 4060,16GB DDR5,16GB DDR5,,,,
16-AK0059AX,"HP OMEN MAX GeForce RTX 5070 8GB 16-AK0059AX/RYZEN AI 9 HX 375/16GB D5-5600/1TB G4/16"" 2K IPS 165HZ/W11H/HOME24/WHITE/2YW+ADP",9499,https://store.pcimage.com.my/product/hp-omen-max-gaming-16-ak0059ax-ryzen-ai-9-hx-375-16gb-d5-5600-1tb-g4-rtx5070-8gb-16-2k-ips-165hz-w11h-home24-white-2yw-adp,https://cdn1.sgliteasset.com/pcimagee/images/product/product-7408050/cached/414PEfRG6a113a7e3df08_1779513982_webstore_listing_image1.jpg,PC Image - HP,,RTX 5070,8GB 16-AK0059AX,8GB 16-AK0059AX,,,,
15-FA2726TX,"HP VICTUS   LAPTOP 15-FA2726TX i5-13420H/16GB DDR4-3200/512GB/RTX4050 6GB/15.6"" FHD/W11H/HNS24+365 BASIC/2YW+ADP",3799,https://store.pcimage.com.my/product/hp-victus-gaming-15-fb3227ax-r7-7445hs-16gb-d5-5600-extra-slot-512gb-g4-rtx3050-6gb-15-6-fhd-144hz-w11h-home24-2yw-adp,https://cdn1.sgliteasset.com/pcimagee/images/product/product-7408042/cached/G6uxjW5y6a113a7621fd2_1779513974_webstore_listing_image1.jpg,PC Image - HP,i5-13420H,RTX4050,16GB DDR4-3200,16GB DDR4-3200,"15.6"" FHD",,,
15-FB3227AX/15-FB3228AX,"HP VICTUS   15-FB3227AX/28AX R7-7445HS/16GB D5-5600/512GB G4/RTX3050 6GB/15.6"" FHD 144HZ/W11H/HOME24/Blue/Mica Silver/2YW+ADP",3649,https://store.pcimage.com.my/product/hp-victus-gaming-15-fb3227ax-28ax-r7-7445hs-16gb-d5-5600-512gb-g4-rtx3050-6gb-15-6-fhd-144hz-w11h-home24-blue-mica-silver-2yw-adp,https://cdn1.sgliteasset.com/pcimagee/images/product/product-7408036/cached/1yhqNPBx6a113a729a2c3_1779513970_webstore_listing_image1.jpg,PC Image - HP,,RTX3050,16GB D5-5600,16GB D5-5600,"15.6"" FHD 144HZ",,,
15-FA2320TX/15-FA2321TX,"HP Victus GeForce RTX 5060 6GB 15-FA2320TX/21TX 15.6"" Laptop (i7-13620H, 16GB DDR5, 512GB SSD, 15.6"" FHD 144Hz, Win11H,OfficeHOME24,2YW)",5899,https://store.pcimage.com.my/product/hp-victus-gaming-15-fa2320tx-21tx-15-6-gaming-laptop-i7-13620h-16gb-ddr5-512gb-ssd-rtx5060-6gb-15-6-fhd-144hz-win11h-officehome24-2yw,https://cdn1.sgliteasset.com/pcimagee/images/product/product-7408025/cached/hiIKSfN86a19521747a19_1780044311_webstore_listing_image1.jpg,PC Image - HP,"i7-13620H,",RTX 5060,6GB 15-FA2320TX,6GB 15-FA2320TX,"15.6"" FHD 144Hz",,,
83JG008EMJ,"LENOVO LOQ 15AHP10 83JG008EMJ GeForce RTX™ 5050 8GB (R5 220/16GB D5-5600/512GB G4(EXTRA G4)/5.6"" FHD 144HZ/W11H/HOME24+AI NOW/2YWPC/24-ZONE RGB BACKLIT/LUNA GREY GAMING LAPTOP",4999,https://store.pcimage.com.my/product/lenovo-loq-15ahp10-83jg008emj-r5-220-16gb-d5-5600-512gb-g4-extra-g4-rtx5050-8gb-15-6-fhd-144hz-w11h-home24-ai-now-2ywpc-24-zone-rgb-backlit-,https://cdn1.sgliteasset.com/pcimagee/images/product/product-7408024/cached/KW3DBcmL6a113a6779a39_1779513959_webstore_listing_image1.jpg,PC Image - Lenovo,R5 220,,8GB (R5,8GB (R5,"5.6"" FHD 144HZ",,,
15-FB3148AX/15-FB3149AX,"HP Victus   15-FB3148AX/9AX 15.6""   Laptop (R7-7445HS, 16GB DDR5, 512GB SSD, GeForce RTX4050 6GB, 15.6"" FHD 144HZ, Win11H, OfficeHome24, 2YW)",4099,https://store.pcimage.com.my/product/hp-victus-gaming-15-fb3148ax-15-fb3149ax-r7-7445hs-16gb-d5-5600-extra-slot-512gb-g4-rtx4050-6gb-15-6-fhd-144hz-w11h-home24-2yw-adp,https://cdn1.sgliteasset.com/pcimagee/images/product/product-7407983/cached/pBa7FTRI6a113a4fa1deb_1779513935_webstore_listing_image1.jpg,PC Image - HP,,RTX4050,"16GB DDR5,","16GB DDR5,","15.6"" FHD 144HZ",,,
15-FB3074AX/15-FB3075AX,"HP VICTUS   15-FB3074AX/15-FB3075AX/R7-7445HS/8GB D5-5600(EXTRA SLOT)/512GB G4/RTX 2050 4GB/15.6"" FHD 144HZ/W11H/HOME24/2YW+ADP",3399,https://store.pcimage.com.my/product/hp-victus-gaming-15-fb3074ax-15-fb3075ax-r7-7445hs-8gb-d5-5600-extra-slot-512gb-g4-rtx2050-4gb-15-6-fhd-144hz-w11h-home24-2yw-adp,https://cdn1.sgliteasset.com/pcimagee/images/product/product-7407975/cached/vaWwNaaH6a113a4d5a0a8_1779513933_webstore_listing_image1.jpg,PC Image - HP,,RTX 2050,8GB D5-5600(EXTRA,8GB D5-5600(EXTRA,"15.6"" FHD 144HZ",,,
16-AH0142TX,"HP OMEN GeForce RTX 5090 24GB 16-AH0142TX   Laptop Black (U9-275HX, 32GB 5600Mhz, 2TB SSD, RTX5090 24GB, 16"" 2.5K OLED, Win11H, 2YW)",18999,https://store.pcimage.com.my/product/hp-omen-gaming-laptop-16-ah0142tx-ultra-9-275hx-16gb-2-ddr5-5600-2tb-pcie-gen4-rtx5090-24gb-16-2-5k-oled-w11h-2yw-adp-black,https://cdn1.sgliteasset.com/pcimagee/images/product/product-7407962/cached/hyDep2yV6a19515303c31_1780044115_webstore_listing_image1.jpg,PC Image - HP,,RTX 5090,24GB 16-AH0142TX,24GB 16-AH0142TX,,,,
16-AH0139TX,"HP OMEN MAX GeForce  RTX 5080 16GB 16-AH0139TX (U7-255HX/16GB*2 DDR5/1TB GEN4/16"" 2.5K/W11H/WHITE/2YW+ADP",11999,https://store.pcimage.com.my/product/hp-omen-gaming-laptop-16-ah0139tx-ultra-7-255hx-16gb-2-ddr5-5600-1tb-pcie-gen4-rtx5080-16gb-16-2-5k-oled-w11h-2yw-adp-white,https://cdn1.sgliteasset.com/pcimagee/images/product/product-7407958/cached/lkoz1fzS6a1950f2d63d0_1780044018_webstore_listing_image1.jpg,PC Image - HP,,RTX 5080,16GB 16-AH0139TX,16GB 16-AH0139TX,,,,
FA506N-CGHN777WS,ASUS TUF A15 FA506N-CGHN777WS Gaming Laptop R7-8845HS/RTX3050/8GB/512GB/15.6/W11H/OFFICE HOME 24(MY)+M365 BASIC/BLACK/2YW,3699,https://store.pcimage.com.my/product/asus-tuf-a15-fa506n-cghn777ws-gaming-laptop-r7-8845hs-rtx3050-8gb-512gb-15-6-w11h-office-home-24-my-m365-basic-black-2yw,https://cdn1.sgliteasset.com/pcimagee/images/product/product-7405465/cached/652NfOo96a10f46618822_1779496038_webstore_listing_image1.jpg,PC Image - Asus,,RTX3050,8GB,8GB,,,,
FA401U-MRG018W,"ASUS TUF A14 FA401U-MRG018W Gaming Laptop R7 260/16GB/512GB/GeForce RTX™ 5060 8GB /14""/W11H/MICROSOFT 365 TRIAL 30D/GRAY/2YW",7499,https://store.pcimage.com.my/product/asus-tuf-a14-fa401u-mrg018w-gaming-laptop-r7-260-16gb-512gb-nv-rtx5060-g4-14-w11h-microsoft-365-trial-30d-gray-2yw,https://cdn1.sgliteasset.com/pcimagee/images/product/product-7405464/cached/Sanlal2v6a10f4656278d_1779496037_webstore_listing_image1.jpg,PC Image - Asus,R7 260,,16GB,16GB,,,,
FX608J-PRRV208W/FX608J-PRRV208WP,"ASUS TUF F16 FX608J-PRRV208W Gaming Laptop I7-14650HX/16GB DDR5/1TB SSD/NVIDIA® GeForce RTX™ 5070 8GB/16.0"" FHD/W11H/JAEGER GRAY/2YW",7899,https://store.pcimage.com.my/product/asus-tuf-f16-fx608j-prrv208w-gaming-laptop-i7-14650hx-16gb-ddr5-1tb-ssd-rtx5070-8gb-16-fhd-w11h-jaeger-gray-2yw,https://cdn1.sgliteasset.com/pcimagee/images/product/product-7405444/cached/c2Ofib4B6a10f45611f70_1779496022_webstore_listing_image1.jpg,PC Image - Asus,I7-14650HX,,16GB DDR5,16GB DDR5,"16.0"" FHD",,,
GA403G-MSY018W GA403G-MSY018WP,"ASUS ROG ZEPHYRUS G14 GA403G-MSY018W AI 9-465/16GB D5/1TB G4/RTX5060 8GB/14"" 3K OLED 120HZ/W11H/2YW+ 1YR PERFECT WRTY/PLATINUM WHITE",10699,https://store.pcimage.com.my/product/asus-rog-zephyrus-g14-ga403g-msy018w-ai-9-465-16gb-d5-ob-1tb-g4-rtx5060-8gb-14-3k-oled-120hz-w11h-2yw-1yr-perfect-wrty-platinum-white,https://cdn1.sgliteasset.com/pcimagee/images/product/product-7405422/cached/nENadVN86a10f43e85cd9_1779495998_webstore_listing_image1.jpg,PC Image - Asus,,RTX5060,16GB D5,16GB D5,,,,
FA607N-UQRL888WS,"ASUS TUF A16 FA607N-UQRL888WS 16.0"" AMD Ryzen™ 7 170/16GB DDR5/512GB SSD/RTX4050 6GB/16.0"" FHD/HNS24/W11H/MECHA GRAY/2YW",4799,https://store.pcimage.com.my/product/asus-tuf-a16-fa607n-uqrl888ws-16-amd-ryzen-7-170-16gb-ddr5-512gb-ssd-nvidia-rtx4050-16-fhd-hns24-w11h-mecha-gray-2yw,https://cdn1.sgliteasset.com/pcimagee/images/product/product-7405402/cached/16OEpnuZ6a10f4353efa7_1779495989_webstore_listing_image1.jpg,PC Image - Asus,,RTX4050,16GB DDR5,16GB DDR5,"16.0"" FHD",,,
FA608U-PRV038W,"ASUS TUF GAMING A16 FA608U-PRV038W 16.0” AMD R7 260/16GB DDR5/1TB SSD/NVIDIA/RTX5070/16.0"" FHD/HNS24/W11H/JAEGER GREY/2YW",7099,https://store.pcimage.com.my/product/asus-tuf-gaming-a16-fa608u-prv038w-16-amd-r7-260-16gb-ddr5-1tb-ssd-nvidia-rtx5070-16-fhd-hns24-w11h-jaeger-grey-2yw,https://cdn1.sgliteasset.com/pcimagee/images/product/product-7405401/cached/eJr5sfBc6a10f430bdd8f_1779495984_webstore_listing_image1.jpg,PC Image - Asus,R7 260,RTX5070,16GB DDR5,16GB DDR5,"16.0"" FHD",,,
FX608J-MRRV058W,"ASUS TUF GAMING F16 FX608J-MRRV058W 16.0"" Intel® Core™ i7 14650HX/16GB DDR5/1TB SSD/NVIDIA/RTX™ 5060/16.0"" FHD/HNS24/W11H/JAEGER GREY/2YW",6299,https://store.pcimage.com.my/product/asus-tuf-gaming-f16-fx608j-mrrv058w-16-intel-core-i7-14650hx-16gb-ddr5-1tb-ssd-nvidia-rtx-5060-16-fhd-hns24-w11h-jaeger-grey-2yw,https://cdn1.sgliteasset.com/pcimagee/images/product/product-7405400/cached/Tdz3G08j6a10f42e11081_1779495982_webstore_listing_image1.jpg,PC Image - Asus,i7,,16GB DDR5,16GB DDR5,"16.0"" FHD",,,
FA506N-CQHN666WS,ASUS TUF Gaming A15 FA506N-CQHN666WS 15.6'' FHD 144Hz Gaming Laptop AMD Ryzen 7 170/16GB/512GB SSD/RTX3050/H&S 2024+M365/W11/2YW,3999,https://store.pcimage.com.my/product/asus-tuf-gaming-a15-ai-fa506n-cqhn666ws-amd-ryzen-7-7435hs-8gb-ddr5-512gb-ssd-rtx-2050-15-6-fhd-w11-2yw,https://cdn1.sgliteasset.com/pcimagee/images/product/product-7405372/cached/UOK6qDDz6a10f413b36da_1779495955_webstore_listing_image1.jpg,PC Image - Asus,,RTX3050,16GB,16GB,,,,
G614P-HRV057W,"ASUS ROG STRIX G16 G614P-HRV057W A9-8940HX/16GB DDR5/1TB/RTX5050 8GB/16"" FHD 165HZ/W11/2YW WITH 1 YEAR ADP/ECLIPSE GRAY",7699,https://store.pcimage.com.my/product/asus-rog-strix-g16-g614p-hrv057w-a9-8940hx-16gb-ddr5-extra-slot-1tb-4-rtx5050-8gb-16-fhd-165hz-w11-2-years-global-with-1-year-adp-eclipse-gr,https://cdn1.sgliteasset.com/pcimagee/images/product/product-7405351/cached/VFnlKd8F6a10f409656c1_1779495945_webstore_listing_image1.jpg,PC Image - Asus,,RTX5050,16GB DDR5,16GB DDR5,"16"" FHD 165HZ",,,
G615L-MS5068W,ASUS ROG STRIX G615L-MS5068W U7 255HX/RTX 5060/DDR5 16GB/1TB/240HZ/Eclipse Gray/2YW,8499,https://store.pcimage.com.my/product/asus-rog-strix-g615l-ms5068w-u7-255hx-rtx-5060-ddr5-16gb-1tb-240hz,https://cdn1.sgliteasset.com/pcimagee/images/product/product-7405342/cached/Kk7qJUKd6a10f405af951_1779495941_webstore_listing_image1.jpg,PC Image - Asus,,RTX 5060,16GB,16GB,,,,
V3607V-JRP188WS,"ASUS GAMING (V3607V-JRP188WS) C5-210H, 8GB DDR5, 512GB SSD, RTX3050 4GB, 16"" WUXGA 144Hz, Win11H, 2YW, Matte Black",3599,https://store.pcimage.com.my/product/asus-gaming-v3607v-jrp188ws-core-5-210h-8gb-d5-5600-extra-slot-512gb-4-rtx3050-4gb-16-wuxga-144hz-w11h-2-years-global-with-1-year-adp-matte-,https://cdn1.sgliteasset.com/pcimagee/images/product/product-7405336/cached/Pqpiz9uE6a10f40365c58_1779495939_webstore_listing_image1.jpg,PC Image - Asus,,RTX3050,"8GB DDR5,","8GB DDR5,","16"" WUXGA 144Hz",,,
G615J-HN3046W,"ASUS  ROG Strix G615J-HN3046W  16"" 165HZ/ i5-13450HX/16GB DDR5/ 1TB SSD/ RTX5050 8GB/ 2YW",6499,https://store.pcimage.com.my/product/asus-rog-strix-g16-2025-g615j-hrv043w-g615j-hn3046w-i5-13450hx-16gb-ddr5-1tb-ssd-rtx5050-8gb-16-165hz,https://cdn1.sgliteasset.com/pcimagee/images/product/product-7405332/cached/6ftPoIGx6a10f3f5e5877_1779495926_webstore_listing_image1.jpg,PC Image - Asus,i5-13450HX,RTX5050,16GB DDR5,16GB DDR5,,,,
FA608U-HRV068W,"ASUS TUF GAMING A16 AI (FA608U-HRV068W) GeForce RTX™ 5050 8GB (R7-260, 16GB DDR5, 512GB SSD,16"" FHD 165Hz, Win11H, 2YW, Jaeger Grey)",5499,https://store.pcimage.com.my/product/asus-tuf-gaming-a16-ai-fa608u-hrv068w-r7-260-16gb-ddr5-512gb-ssd-geforce-rtx5050-8gb-16-fhd-165hz-win11h-2yw-jaeger-grey,https://cdn1.sgliteasset.com/pcimagee/images/product/product-7405310/cached/Zr1qrMwa6a10f3e2231bd_1779495906_webstore_listing_image1.jpg,PC Image - Asus,,,"8GB (R7-260,","8GB (R7-260,","16"" FHD 165Hz",,,
FX608J-HRV054W,"ASUS TUF GAMING F16 (FX608J-HRV054W) i5-13450HX, 16GB DDR5, 512GB SSD, RTX5050 8GB, 16"" FHD 165Hz, Win11, 2YW, Jaeger Grey",5099,https://store.pcimage.com.my/product/asus-tuf-gaming-f16-fx608j-hrv054w-i5-13450hx-16gb-ddr5-512gb-ssd-rtx5050-8gb-16-fhd-165hz-win11-2yw-jaeger-grey,https://cdn1.sgliteasset.com/pcimagee/images/product/product-7405302/cached/NojbInf86a10f3d4d5c24_1779495892_webstore_listing_image1.jpg,PC Image - Asus,"i5-13450HX,",RTX5050,"16GB DDR5,","16GB DDR5,","16"" FHD 165Hz",,,
FA608P-MRV047W/FA608P-MRV047WP,"ASUS TUF Gaming A16 FA608P-MRV047W R9-8940HX, 16GB DDR5, 1TB SSD, RTX5060 8GB, 16'' 165Hz, Win11H, 2YW Gaming Laptop",8299,https://store.pcimage.com.my/product/asus-tuf-gaming-a16-fa608p-mrv047w-r9-8940hx-16gb-ddr5-1tb-ssd-rtx5060-8gb-16-165hz-win11h-2yw-gaming-laptop,https://cdn1.sgliteasset.com/pcimagee/images/product/product-7405298/cached/OlgtuJsS6a10f3d2c5561_1779495890_webstore_listing_image1.jpg,PC Image - Asus,,RTX5060,"16GB DDR5,","16GB DDR5,",,,,
FX608J-MRV040W,"ASUS TUF Gaming F16 (FX608J-MRV040W) i5-13450HX, 16GB DDR5, 512GB SSD, GeForce RTX5060 8GB, 16"" FHD 165Hz, Win11H, 2YW, Jaeger Grey)",5799,https://store.pcimage.com.my/product/asus-tuf-gaming-f16-fx608j-mrv040w,https://cdn1.sgliteasset.com/pcimagee/images/product/product-7405269/cached/jlAWejya6a10f3b0ac60f_1779495856_webstore_listing_image1.jpg,PC Image - Asus,"i5-13450HX,",RTX5060,"16GB DDR5,","16GB DDR5,","16"" FHD 165Hz",,,
G814F-PS9038W,"Asus ROG Strix G18 G814F-PS9038W 18'' 2.5K 240Hz Gaming Laptop (R9-9955HX, 32GB, 1TB SSD, RTX5070 8GB, W11)",10799,https://store.pcimage.com.my/product/rog-strix-g18-g814f-ps9038w,https://cdn1.sgliteasset.com/pcimagee/images/product/product-7405262/cached/XFiTHR7h6a10f3a2872e9_1779495842_webstore_listing_image1.jpg,PC Image - Asus,,RTX5070,"32GB,","32GB,",,,,
G615L-MS5078W,"ASUS ROG STRIX G16 AI (G615L-MS5078W) U9-275HX, 32GB 5600Mhz, 1TB SSD, RTX5060 8GB, 16"" 2.5K 240HZ, Win11, 2YW, ECLIPSE GRAY",9799,https://store.pcimage.com.my/product/rog-strix-g16-g615l-ms5078w,https://cdn1.sgliteasset.com/pcimagee/images/product/product-7405260/cached/36OEBYgu6a10f3a17aa88_1779495841_webstore_listing_image1.jpg,PC Image - Asus,,RTX5060,"32GB 5600Mhz,","32GB 5600Mhz,",,,,
G615L-PS5104W,"Asus ROG Strix G16 G615L-PS5104W 16'' 2.5K 240Hz Gaming Laptop (CU9-275HX, 32GB, 1TB SSD, RTX5070 8GB, W11)",10299,https://store.pcimage.com.my/product/rog-strix-g16-g615l-ps5104w,https://cdn1.sgliteasset.com/pcimagee/images/product/product-7405261/cached/WPhhYc4B6a10f3a17d7a1_1779495841_webstore_listing_image1.jpg,PC Image - Asus,"CU9-275HX,",RTX5070,"32GB,","32GB,",,,,
G614F-MRV057W,"ASUS ROG Strix G16 AI (G614F-MRV057W) GeForce RTX™ 5060 8GB (R9-9955HX/32GB 5600MHZ(16+16)/1TB 4.0/4-ZONE/16"" FHD 165HZ/W11/2 YEARS)",8799,https://store.pcimage.com.my/product/rog-strix-g16-g614f-mrv057w,https://cdn1.sgliteasset.com/pcimagee/images/product/product-7405258/cached/wtAI0Roc6a10f3a07e7ec_1779495840_webstore_listing_image1.jpg,PC Image - Asus,,,8GB (R9-9955HX,8GB (R9-9955HX,"16"" FHD 165HZ",,,
FX607V-URL009W,"ASUS TUF Gaming F16 (FX607V-URL009W) C5-210H, 16GB DDR5, 512GB SSD, RTX4050 6GB, 16"" WUXGA 144Hz, Win11, 2 Years Warranty - Mecha Grey",4599,https://store.pcimage.com.my/product/asus-tuf-gaming-f16-fx607v-url009w-c5-210h-16gb-ddr5-512gb-ssd-rtx4050-6gb-16-fhd-144hz-win11-2-years-warranty-mecha-grey,https://cdn1.sgliteasset.com/pcimagee/images/product/product-7405235/cached/002CBGzo6a10f382961b6_1779495810_webstore_listing_image1.jpg,PC Image - Asus,,RTX4050,"16GB DDR5,","16GB DDR5,","16"" WUXGA 144Hz",,,
G635L-XRW165W,"ASUS ROG Strix Scar 16 (G635L-XRW165W) U9 275HX, 32GB DDR5, 2TB SSD, GeForce RTX5090 24GB, 16"" WQXGA 240Hz, Win11H, 2YW - Off Black",22299,https://store.pcimage.com.my/product/asus-rog-strix-scar-16-g635l-xrw165w-u9-275hx-32gb-ddr5-2tb-ssd-rtx5090-24gb-16-wqxga-240hz-win11h-2yw-off-black,https://cdn1.sgliteasset.com/pcimagee/images/product/product-7405201/cached/V421V0co6a10f36a298a7_1779495786_webstore_listing_image1.jpg,PC Image - Asus,,RTX5090,"32GB DDR5,","32GB DDR5,","16"" WQXGA 240Hz",,,
GZ302E-ARU007W,"ASUS ROG Flow Z13 (GZ302E-ARU007W) Ryzen AI MAX+ 395, 32GB LPDDR5X, 1TB SSD, RTX5080 16GB, 13.4"" WQXGA 180Hz, Win11H, 2YW - Off Black",12999,https://store.pcimage.com.my/product/asus-rog-flow-z13-gz302e-aru007w-ryzen-ai-max-395-32gb-lpddr5x-1tb-ssd-rtx5080-16gb-13-4-wqxga-180hz-win11h-2yw-off-black,https://cdn1.sgliteasset.com/pcimagee/images/product/product-7405200/cached/DJ1PXVK36a10f3699b228_1779495785_webstore_listing_image1.jpg,PC Image - Asus,,RTX5080,"32GB LPDDR5X,","32GB LPDDR5X,","13.4"" WQXGA 180Hz",,,
